n,p,ordering,width,time
10,0.1,8 4 7 10 9 6 2 3 1,2,5.1021575927734375e-05
10,0.25,5 8 9 4 7 10 6 2 3 1,4,0.00010180473327636719
10,0.3,5 9 8 10 7 6 4 2 3 1,5,6.508827209472656e-05
10,0.4,5 8 7 6 4 2 10 9 3 1,5,6.008148193359375e-05
10,0.5,5 8 7 6 4 2 10 9 3 1,5,5.602836608886719e-05
10,0.6,5 8 9 10 7 6 2 4 3 1,6,7.605552673339844e-05
10,0.75,5 8 10 9 7 6 4 3 2 1,7,7.891654968261719e-05
10,0.8,5 8 10 9 7 6 4 3 2 1,7,8.177757263183594e-05
10,0.9,5 10 9 8 7 6 4 3 2 1,8,6.794929504394531e-05
10,0.95,5 10 9 8 7 6 4 3 2 1,8,6.389617919921875e-05
20,0.1,18 4 19 15 13 17 20 16 14 8 7 12 9 10 6 2 11 3 1,3,0.00021505355834960938
20,0.25,19 8 16 20 5 6 10 2 7 4 17 15 14 13 18 11 12 9 3 1,10,0.00025200843811035156
20,0.3,19 16 8 5 17 15 14 20 13 7 6 2 11 4 18 10 12 9 3 1,12,0.0002491474151611328
20,0.4,8 19 16 20 14 13 7 15 5 17 6 4 18 10 2 12 11 9 3 1,13,0.0002582073211669922
20,0.5,8 14 13 19 4 20 7 5 17 16 6 15 18 2 12 11 10 9 3 1,13,0.0002617835998535156
20,0.6,8 14 4 13 7 20 5 18 19 17 15 2 16 6 12 11 10 9 3 1,15,0.0002720355987548828
20,0.75,8 20 19 14 13 4 18 5 17 15 12 16 11 10 9 7 6 3 2 1,17,0.00039315223693847656
20,0.8,8 20 19 18 14 13 5 4 17 15 12 16 11 10 9 7 6 3 2 1,17,0.0002849102020263672
20,0.9,8 20 19 18 17 13 16 12 11 7 15 14 10 9 6 5 4 3 2 1,17,0.00030803680419921875
20,0.95,18 17 8 20 19 11 16 15 14 13 12 10 9 7 6 5 4 3 2 1,18,0.0004222393035888672
30,0.1,28 27 23 20 12 18 2 25 15 5 22 30 24 16 29 26 19 13 11 6 8 10 21 4 9 7 14 3 1,9,0.0005559921264648438
30,0.25,28 23 21 16 26 29 17 10 4 27 6 20 19 2 18 14 8 15 12 25 7 24 22 30 13 11 9 5 3 1,19,0.0006949901580810547
30,0.3,23 22 28 29 17 10 21 26 27 14 6 20 19 2 16 18 8 12 30 24 13 15 7 11 4 25 9 5 3 1,20,0.0006988048553466797
30,0.4,22 28 10 23 19 12 8 18 30 20 16 2 29 26 17 6 27 24 21 14 13 11 7 9 25 4 15 5 3 1,22,0.001087188720703125
30,0.5,23 19 2 17 18 12 10 8 30 22 29 13 16 26 21 28 20 6 27 24 14 11 7 9 25 4 15 5 3 1,23,0.0009520053863525391
30,0.6,22 23 15 19 2 13 30 29 16 26 12 8 11 20 25 24 7 6 28 18 21 17 10 14 4 27 9 5 3 1,25,0.0009260177612304688
30,0.75,15 22 17 8 30 23 16 11 7 20 10 18 12 26 24 4 28 25 6 29 27 21 19 14 13 9 5 3 2 1,25,0.0008111000061035156
30,0.8,15 8 17 22 7 11 30 20 23 12 10 26 24 18 25 21 19 29 28 27 16 6 4 14 13 9 5 3 2 1,26,0.0008580684661865234
30,0.9,17 22 20 7 9 28 10 27 26 23 16 30 29 25 21 19 18 24 15 14 13 12 11 8 6 5 4 3 2 1,28,0.0011098384857177734
30,0.95,17 9 22 7 30 27 26 25 21 19 16 15 29 28 24 23 20 18 14 13 12 11 10 8 6 5 4 3 2 1,27,0.0013470649719238281
40,0.1,33 25 12 36 26 35 11 38 10 7 19 6 40 37 23 20 34 22 27 4 18 17 31 2 8 13 39 29 24 32 28 9 5 16 30 15 14 21 3 1,12,0.0009577274322509766
40,0.25,38 35 11 29 36 28 37 19 27 7 33 32 26 8 20 10 4 17 13 39 24 31 34 23 30 9 2 6 25 22 16 18 15 5 40 21 14 12 3 1,26,0.0013256072998046875
40,0.3,38 37 19 27 36 28 35 29 10 32 6 25 4 39 13 26 7 17 12 24 40 33 30 23 9 8 31 20 34 11 2 22 16 18 14 21 15 5 3 1,27,0.001961946487426758
40,0.4,38 37 29 28 35 27 10 19 6 32 36 26 7 8 33 30 9 23 40 4 13 34 39 25 20 17 24 15 2 22 31 18 21 16 14 12 11 5 3 1,31,0.001924753189086914
40,0.5,38 37 27 19 28 32 18 36 7 13 25 17 30 29 23 20 9 8 6 10 2 14 40 39 24 26 11 16 35 34 33 31 22 12 5 21 15 4 3 1,34,0.0015270709991455078
40,0.6,19 37 27 38 10 8 32 28 20 36 29 13 6 18 25 11 9 2 26 22 23 15 7 35 31 30 39 34 33 16 40 5 24 21 17 14 12 4 3 1,34,0.0017139911651611328
40,0.75,10 6 19 17 27 25 29 9 20 13 36 8 40 38 35 23 18 39 30 34 26 24 22 11 32 28 16 37 31 15 5 33 21 14 12 7 4 3 2 1,36,0.0017371177673339844
40,0.8,10 6 36 8 40 38 25 20 9 32 29 23 19 30 24 21 18 13 34 26 39 35 27 22 17 37 28 16 12 5 33 31 15 14 11 7 4 3 2 1,36,0.002212047576904297
40,0.9,11 40 36 24 23 5 29 18 32 31 25 19 17 15 39 35 30 27 26 22 37 20 16 13 12 9 38 34 33 28 21 14 10 8 7 6 4 3 2 1,37,0.0017821788787841797
40,0.95,6 11 40 25 24 23 19 18 36 29 17 38 35 31 27 26 22 13 12 9 39 37 34 33 32 30 28 21 20 16 15 14 10 8 7 5 4 3 2 1,38,0.0025491714477539062
50,0.1,44 22 17 19 15 26 4 48 2 47 42 25 24 49 21 10 33 30 12 39 34 37 18 14 9 45 40 38 16 7 50 27 35 32 6 28 20 13 5 23 41 8 11 36 29 31 46 43 3 1,21,0.0023758411407470703
50,0.25,25 22 14 39 38 17 9 32 18 50 27 11 45 8 40 34 26 49 23 35 36 42 30 44 5 7 47 41 37 21 16 6 4 24 19 13 48 28 10 2 20 12 33 15 29 31 46 43 3 1,35,0.0027930736541748047
50,0.3,25 22 39 14 17 38 50 27 36 48 13 28 19 37 24 45 10 31 35 33 12 20 2 23 16 43 34 32 9 46 42 8 40 5 7 47 41 6 30 44 29 15 4 21 49 26 18 11 3 1,37,0.0032591819763183594
50,0.4,25 22 17 38 14 39 42 36 13 34 10 31 28 8 50 37 45 35 5 7 19 16 12 46 30 20 48 24 6 9 40 47 33 41 23 43 29 15 32 44 2 21 4 27 26 18 49 11 3 1,38,0.0032088756561279297
50,0.5,25 17 22 13 34 8 7 35 31 26 18 5 50 6 43 27 37 23 16 46 24 45 38 49 29 2 20 39 42 36 12 30 4 40 19 48 28 10 9 33 21 44 32 41 15 14 47 11 3 1,40,0.003427743911743164
50,0.6,25 17 22 8 37 7 27 26 18 14 50 36 45 34 31 43 46 16 42 30 39 49 24 20 11 29 32 9 40 38 35 23 15 12 33 47 41 6 2 21 44 28 5 48 19 13 10 4 3 1,43,0.004213094711303711
50,0.75,8 27 50 20 43 31 25 35 34 14 26 36 18 15 49 45 39 22 17 32 30 37 48 42 29 24 16 40 38 11 47 44 13 6 19 7 5 46 41 21 33 28 23 12 10 9 4 3 2 1,47,0.0035028457641601562
50,0.8,8 14 36 26 22 25 18 16 7 30 45 35 32 31 43 42 38 24 49 47 37 15 46 40 39 34 5 50 41 6 44 28 23 21 17 13 48 20 11 33 29 27 19 12 10 9 4 3 2 1,46,0.003152132034301758
50,0.9,5 26 43 49 39 34 31 30 14 48 18 38 21 47 42 40 37 33 28 16 15 7 45 36 35 23 50 41 27 25 24 11 46 44 32 29 22 20 19 17 13 12 10 9 8 6 4 3 2 1,47,0.0031309127807617188
50,0.95,5 26 49 43 27 14 47 39 38 33 50 37 35 32 30 28 16 46 45 42 41 40 34 11 48 44 36 31 29 25 24 23 22 21 20 19 18 17 15 13 12 10 9 8 7 6 4 3 2 1,47,0.0036449432373046875
75,0.1,12 75 73 52 70 68 14 7 67 60 57 47 41 72 63 48 56 50 5 64 58 49 40 19 25 32 74 51 6 66 62 69 38 15 4 42 61 59 34 55 24 53 44 27 71 35 43 13 65 10 37 23 28 39 36 22 2 17 18 45 30 16 8 20 26 33 31 21 11 54 46 29 9 3 1,38,0.007319927215576172
75,0.25,24 52 70 36 34 75 65 13 7 44 57 27 38 14 63 73 67 37 23 41 9 72 71 6 60 35 15 62 56 29 69 64 10 31 66 39 28 61 4 43 51 32 74 42 2 55 53 68 17 12 25 59 33 19 26 30 45 18 48 16 8 40 50 49 46 22 58 47 54 20 21 11 5 3 1,56,0.009352922439575195
75,0.3,34 70 36 24 75 52 27 57 37 11 50 58 41 7 38 31 63 74 6 72 19 51 62 33 61 39 26 30 28 45 59 56 40 13 65 29 8 64 66 68 23 2 55 53 46 25 15 16 48 10 32 73 18 12 71 69 47 22 20 21 42 67 54 9 44 60 35 17 43 14 4 49 5 3 1,60,0.010952234268188477
75,0.4,52 31 34 37 70 57 27 47 19 58 75 72 66 53 62 51 74 23 14 63 39 24 36 46 33 26 71 12 22 17 65 64 55 56 41 38 28 61 30 68 9 43 67 45 11 54 50 35 20 69 25 18 7 2 59 8 40 21 29 73 13 32 16 10 15 6 48 60 44 42 4 49 5 3 1,64,0.010523796081542969
75,0.5,70 52 31 37 62 36 57 24 72 45 7 14 27 38 28 19 30 26 39 71 60 4 73 23 2 13 64 17 10 40 68 8 51 33 74 56 18 75 63 65 55 59 53 48 66 34 16 49 46 61 41 15 42 6 67 43 21 58 22 50 47 44 11 35 25 20 54 32 69 29 12 9 5 3 1,64,0.010315895080566406
75,0.6,70 31 61 37 62 15 73 68 66 36 72 51 45 7 55 39 8 74 11 26 33 57 30 21 4 75 14 27 59 43 41 16 48 38 49 67 65 24 56 28 23 35 46 20 63 71 60 47 58 53 13 50 44 42 25 19 2 64 52 40 18 32 69 29 10 6 34 22 54 17 12 9 5 3 1,68,0.011272907257080078
75,0.75,5 15 62 58 70 41 22 71 74 66 49 37 57 39 31 28 27 72 52 24 61 32 73 68 13 67 45 7 53 44 30 50 47 11 56 43 69 55 33 36 20 6 60 59 46 19 51 34 40 35 23 21 38 29 26 12 75 25 8 63 54 42 10 65 64 48 18 17 16 14 9 4 3 2 1,70,0.010853767395019531
75,0.8,5 15 22 24 58 36 73 52 41 12 70 32 72 50 11 74 66 27 71 55 28 39 31 21 57 45 69 56 43 20 46 37 7 62 68 61 47 35 33 60 59 13 67 53 38 23 6 44 40 30 29 64 63 54 25 19 75 42 34 26 10 8 65 51 49 48 18 17 16 14 9 4 3 2 1,70,0.011298179626464844
75,0.9,15 70 58 31 11 72 55 71 68 66 56 45 69 65 57 37 27 67 46 23 7 53 35 29 73 62 54 48 43 38 26 25 21 75 59 51 40 33 19 13 6 61 60 49 44 42 32 5 74 64 50 47 41 39 30 20 63 52 36 34 28 24 22 18 17 16 14 12 10 9 8 4 3 2 1,71,0.01011204719543457
75,0.95,15 41 70 58 56 71 55 32 53 31 23 7 72 68 66 65 57 27 69 67 64 62 26 13 52 42 40 39 38 37 30 21 75 74 61 60 59 48 46 43 35 33 25 19 11 6 73 63 54 51 50 49 47 45 44 36 34 29 28 24 22 20 18 17 16 14 12 10 9 8 5 4 3 2 1,72,0.011871099472045898
100,0.1,24 48 27 19 61 100 15 95 86 47 99 98 68 82 54 42 63 36 96 55 30 44 92 90 89 78 65 87 70 59 49 81 79 84 72 77 37 6 71 74 26 32 7 66 45 41 18 93 69 75 97 17 50 39 16 62 83 73 60 43 34 33 31 22 28 12 76 40 13 80 91 56 23 67 57 53 52 11 58 51 5 88 85 64 2 35 94 38 25 29 10 20 8 21 9 4 46 14 3 1,60,0.015341043472290039
100,0.25,27 99 39 98 54 19 61 65 68 86 93 36 49 20 17 75 30 42 60 24 47 95 87 73 76 59 56 90 32 83 70 26 33 69 22 63 67 43 100 82 78 71 50 6 34 62 92 74 57 13 40 77 31 11 10 85 55 91 72 88 84 37 23 2 80 79 64 7 66 51 96 46 38 45 81 21 5 89 29 16 48 44 94 35 97 15 4 8 53 52 41 58 28 18 9 14 25 12 3 1,80,0.021341323852539062
100,0.3,99 27 98 54 39 19 9 61 93 36 17 47 86 75 71 24 63 30 83 42 89 60 10 73 50 29 92 76 22 32 67 26 90 62 82 78 5 69 43 34 33 72 88 51 6 37 84 49 31 57 13 74 40 77 55 23 11 85 21 100 79 20 95 81 59 70 65 68 87 7 14 91 80 46 66 2 96 38 28 18 16 35 97 56 94 25 48 15 8 52 45 41 12 64 58 53 44 4 3 1,84,0.021268844604492188
100,0.4,39 9 98 54 27 99 36 89 49 24 32 10 60 83 21 19 42 59 65 61 20 68 16 48 37 90 7 93 29 73 51 50 30 18 14 25 5 8 46 81 96 34 71 6 100 78 55 82 69 33 22 31 26 75 67 87 62 79 70 47 11 12 41 95 23 40 57 45 13 74 17 52 80 66 2 92 64 38 94 63 72 88 84 85 76 28 77 58 91 56 35 43 86 53 97 44 15 4 3 1,89,0.023502111434936523
100,0.5,39 9 98 49 36 27 32 37 71 24 99 84 21 42 89 83 20 51 30 16 6 100 82 61 59 68 19 93 65 54 55 33 87 73 63 62 29 78 31 26 7 74 90 72 69 67 22 75 50 14 23 11 79 46 41 8 5 77 76 85 34 96 13 57 45 40 66 38 25 88 48 97 10 81 18 17 56 80 35 95 94 91 86 92 64 28 58 2 53 52 43 60 12 70 47 44 15 4 3 1,91,0.024857044219970703
100,0.6,98 37 49 39 20 99 89 36 42 83 21 6 69 30 31 24 84 63 51 27 9 93 74 71 54 11 60 8 73 100 16 62 87 33 79 67 22 72 85 75 32 68 82 65 5 29 61 43 10 55 19 90 26 53 48 45 13 77 34 40 91 88 78 59 58 56 50 76 66 41 38 57 25 94 28 2 96 81 46 23 7 92 18 86 35 97 80 17 95 52 14 70 64 47 44 15 12 4 3 1,93,0.022795915603637695
100,0.75,39 36 98 69 49 21 24 89 83 99 18 95 15 30 3 91 75 37 19 54 48 34 93 78 11 26 100 88 56 31 97 94 90 67 61 59 33 82 32 20 96 60 42 53 45 35 85 76 22 13 86 62 72 66 27 6 84 64 55 71 38 23 10 73 63 57 41 81 74 65 43 17 70 40 8 92 68 51 44 87 77 28 14 80 47 46 29 25 79 58 52 50 16 12 9 7 5 4 2 1,95,0.02161884307861328
100,0.8,39 36 21 98 11 24 89 37 3 99 49 91 69 88 48 30 15 54 18 100 94 93 90 78 75 61 56 34 31 26 97 95 59 19 35 83 82 53 33 55 96 38 86 85 76 60 22 13 67 46 32 23 20 73 71 68 62 10 72 64 63 27 81 57 6 92 70 65 44 8 66 51 40 84 74 50 45 43 41 28 17 80 47 14 87 79 77 58 52 42 29 25 16 12 9 7 5 4 2 1,95,0.023531198501586914
100,0.9,37 21 11 39 98 36 24 8 54 48 60 50 78 27 18 100 86 77 68 26 61 49 22 16 80 67 51 35 33 32 31 7 99 88 85 74 97 95 91 89 79 56 52 46 34 19 15 92 71 66 62 55 47 30 5 93 83 82 70 65 63 87 73 43 23 13 76 69 58 57 45 42 40 38 96 94 90 84 81 75 72 64 59 53 44 41 29 28 25 20 17 14 12 10 9 6 4 3 2 1,97,0.023005962371826172
100,0.95,61 69 65 59 54 36 98 77 32 26 24 91 68 11 9 100 97 94 89 73 71 58 51 48 27 88 81 80 78 50 42 16 96 76 74 62 60 46 35 33 86 67 57 56 55 52 49 31 25 21 7 99 95 93 92 85 83 79 72 70 63 53 34 22 13 5 90 87 84 82 75 66 64 47 45 44 43 41 40 39 38 37 30 29 28 23 20 19 18 17 15 14 12 10 8 6 4 3 2 1,98,0.022660017013549805
250,0.1,248 4 241 55 28 222 202 215 139 74 100 54 196 103 193 85 21 98 203 62 67 135 231 162 87 79 84 146 132 115 57 93 73 52 214 91 37 36 35 250 160 245 200 197 183 187 161 92 191 133 69 177 153 201 239 207 48 147 99 143 16 180 230 166 116 75 178 175 159 204 218 140 126 86 167 61 242 237 124 247 217 216 105 211 42 169 101 199 119 219 144 40 243 156 134 38 33 174 127 108 81 65 53 104 131 238 102 213 94 89 6 151 205 189 206 188 117 179 71 186 41 46 44 88 164 39 208 19 155 240 152 246 168 145 128 59 249 8 106 184 157 125 25 173 2 10 229 72 225 181 148 20 17 107 13 221 195 234 192 233 227 220 76 60 47 182 165 121 212 149 244 82 68 171 113 32 158 123 43 228 235 209 114 129 31 224 96 142 83 26 51 7 34 95 12 77 111 232 22 24 236 23 18 70 66 130 58 172 9 226 64 137 50 198 194 141 122 120 190 97 110 78 5 150 80 29 118 112 45 138 15 27 223 170 30 154 109 49 210 63 176 136 163 56 185 14 90 11 3 1,202,0.21572279930114746
250,0.25,4 136 143 55 141 28 229 222 180 161 231 202 201 193 178 139 115 21 183 153 140 54 146 100 40 7 35 27 242 126 215 162 119 154 71 152 78 10 198 232 47 218 175 167 204 61 67 214 213 86 225 48 84 105 103 50 51 31 16 187 137 176 22 88 56 62 6 127 145 106 184 73 89 72 33 70 94 174 233 173 239 36 85 212 203 52 37 205 8 25 186 168 5 217 151 200 207 134 165 188 117 110 121 219 130 99 91 64 220 190 30 237 68 57 142 211 80 29 248 197 66 223 2 23 238 155 235 230 216 244 144 132 95 227 97 135 128 122 109 17 75 245 98 199 177 124 243 112 14 247 24 250 93 241 129 65 53 182 12 92 39 76 38 20 69 191 164 114 209 34 111 107 181 101 81 74 240 77 157 46 44 228 221 206 171 60 41 159 234 194 58 169 195 156 108 9 148 102 224 210 120 226 192 26 160 149 185 83 19 82 79 125 59 147 131 18 13 42 208 172 63 249 163 246 116 133 179 196 170 166 32 236 113 104 138 123 158 118 87 96 45 49 189 150 90 43 15 11 3 1,227,0.26149511337280273
250,0.3,143 55 136 161 178 231 7 72 202 22 180 140 197 86 230 214 61 167 217 162 73 27 183 100 229 103 146 54 241 35 114 21 106 10 31 56 16 84 219 215 121 154 145 201 198 99 94 151 89 250 248 8 127 6 193 109 52 187 93 204 160 232 137 164 29 147 88 67 98 48 105 205 139 64 210 62 175 235 212 191 92 71 130 134 41 234 119 116 173 25 188 222 223 78 24 209 185 69 30 57 195 157 51 242 203 239 224 220 20 207 124 117 107 176 245 28 179 155 111 186 135 74 59 112 80 34 142 211 237 113 102 83 97 95 240 238 165 221 79 181 144 244 82 85 70 243 63 53 163 131 110 77 76 39 246 169 60 38 12 150 19 184 33 132 189 168 43 2 11 206 159 152 66 18 228 149 208 170 158 9 75 213 199 47 218 32 37 65 225 174 108 104 233 227 123 182 122 120 90 196 26 172 81 101 50 23 249 236 13 153 133 125 166 171 96 44 46 42 216 177 128 14 129 192 68 17 247 148 91 194 49 156 36 15 118 138 200 58 141 5 40 190 126 115 45 226 87 4 3 1,233,0.26595401763916016
250,0.4,72 202 143 217 178 86 55 241 215 146 114 35 21 231 167 162 67 214 107 7 157 136 54 211 164 121 213 180 161 100 56 152 109 119 193 29 154 88 212 103 106 145 105 153 84 52 201 147 98 95 31 48 239 198 197 151 160 175 75 244 138 30 248 137 188 22 141 173 139 223 191 69 41 205 177 235 130 62 185 5 234 187 125 112 195 28 186 23 2 111 89 25 8 243 155 242 224 64 176 20 222 189 71 39 170 134 131 210 60 194 10 36 94 226 70 238 220 206 247 207 78 117 149 140 221 37 58 218 229 115 47 200 14 6 127 126 232 204 179 40 46 245 190 61 53 174 63 203 132 65 33 17 128 230 208 97 184 135 96 85 83 44 183 91 74 42 168 77 59 108 209 166 163 219 240 171 68 9 156 26 246 122 227 165 66 181 101 148 110 116 102 79 50 104 249 120 123 45 192 250 236 93 73 19 76 99 87 150 38 225 196 172 182 159 34 124 228 129 57 237 80 169 43 12 27 16 216 13 199 82 233 92 113 90 32 144 81 51 49 15 158 142 118 18 133 24 11 4 3 1,236,0.29125475883483887
250,0.5,202 55 217 72 143 86 197 193 121 178 28 241 56 16 212 183 154 229 88 136 80 126 95 198 230 106 85 54 21 67 157 46 166 215 161 94 70 79 250 116 84 214 119 14 231 162 211 239 89 245 187 71 138 15 232 74 8 41 188 244 112 24 175 77 163 168 105 205 165 68 60 194 108 59 30 242 100 238 75 184 181 114 98 164 190 174 140 115 17 40 63 151 29 146 219 153 235 139 167 156 62 123 48 109 35 237 225 78 247 176 189 65 216 210 221 91 233 201 44 222 73 12 47 27 203 170 25 169 117 195 199 69 125 186 66 228 204 137 133 223 191 130 102 182 101 37 7 22 111 20 58 26 224 234 172 148 160 23 18 236 141 103 227 209 39 6 196 128 34 122 64 107 2 97 93 179 173 220 132 82 51 38 246 120 92 57 134 33 31 240 243 207 43 152 218 192 135 206 249 42 177 150 159 61 52 145 131 50 171 19 213 147 208 81 155 149 99 200 76 110 53 83 127 32 11 124 104 10 180 49 144 142 113 90 248 87 45 185 118 13 129 226 158 96 36 9 5 4 3 1,240,0.30063605308532715
250,0.6,28 202 239 72 86 35 143 217 141 55 54 225 115 24 178 121 164 215 88 212 85 213 154 14 67 30 2 250 232 170 96 44 109 100 58 248 201 187 106 153 38 168 147 15 175 224 203 193 189 136 163 238 75 165 242 188 181 111 167 119 103 84 50 194 59 160 102 74 65 60 23 245 116 234 196 22 133 105 137 101 162 125 108 79 146 56 36 198 93 117 48 231 184 66 244 26 190 247 145 69 68 39 112 31 98 77 17 243 8 40 186 97 37 229 214 71 20 155 51 199 148 240 183 130 33 176 91 70 156 27 207 78 195 73 52 19 206 177 57 219 139 236 114 138 174 166 235 129 95 182 161 80 64 223 205 191 230 110 246 46 157 89 221 120 41 228 7 204 172 82 61 180 173 134 122 179 62 233 216 92 220 171 94 47 197 211 209 45 12 151 123 107 241 90 53 226 149 18 152 131 128 32 249 135 81 76 210 132 43 16 185 21 222 169 159 126 227 218 140 25 192 124 104 29 208 200 118 158 150 42 10 142 237 113 87 63 13 6 144 83 34 127 99 49 11 9 5 4 3 1,243,0.31635093688964844
250,0.75,28 210 202 96 213 88 85 225 212 170 121 71 54 232 9 55 178 150 99 94 67 153 130 84 62 26 214 24 12 162 164 70 187 163 137 77 73 248 233 138 100 95 36 239 116 46 243 234 30 224 217 66 64 184 41 250 215 198 236 196 132 97 13 203 154 108 101 98 201 195 74 177 119 109 53 32 91 81 181 147 145 69 6 33 165 61 246 207 105 245 219 156 231 157 110 80 60 160 120 113 38 169 102 112 90 23 76 19 15 45 22 18 191 168 136 228 128 126 31 21 194 48 14 144 40 27 226 208 183 89 63 149 58 42 211 190 148 142 127 200 238 209 172 117 8 206 129 51 37 247 192 39 229 174 124 44 20 135 118 25 159 78 220 197 182 134 114 47 86 17 244 34 5 222 193 111 249 218 205 176 151 83 204 188 175 122 75 235 104 72 186 161 237 158 140 227 221 216 171 68 189 179 167 139 59 240 155 131 65 199 103 230 223 166 106 82 242 173 133 185 152 125 115 92 79 146 143 141 123 87 56 16 7 57 52 35 241 180 107 93 50 49 43 29 11 10 4 3 2 1,244,0.302584171295166
250,0.8,28 225 213 202 141 56 71 150 88 85 55 54 232 210 64 121 97 153 215 13 222 166 99 12 186 9 245 163 108 188 162 138 135 77 46 96 39 36 241 137 250 102 84 26 248 198 70 67 61 211 41 154 98 35 161 116 146 106 100 60 24 178 224 170 164 243 134 30 18 8 212 238 233 229 193 140 189 130 62 242 180 152 117 37 236 230 206 129 234 219 196 91 23 244 101 53 201 74 66 246 145 119 42 40 90 83 82 27 221 173 47 6 205 204 187 177 110 86 69 15 247 239 223 217 171 43 203 190 38 179 120 75 48 231 176 155 131 124 112 87 31 172 185 181 113 104 89 17 207 143 81 58 249 228 182 45 197 191 114 80 63 226 209 151 72 169 65 59 20 216 184 111 21 14 195 105 92 76 19 214 122 118 147 136 109 94 32 200 149 194 192 157 142 73 168 159 132 22 240 235 208 175 144 126 78 25 218 183 148 52 237 220 174 139 133 68 33 227 199 160 156 123 79 57 7 165 128 115 103 51 10 167 158 127 125 107 95 93 50 49 44 34 29 16 11 5 4 3 2 1,244,0.2879459857940674
250,0.9,225 202 210 56 85 108 232 121 28 96 64 13 245 71 241 163 107 177 153 150 141 9 8 224 88 205 54 41 145 116 138 134 87 61 55 35 239 213 208 98 81 12 242 207 166 102 86 58 211 209 161 136 247 215 137 38 235 218 195 182 147 135 82 248 223 172 146 130 106 21 191 162 160 159 59 48 34 217 204 169 73 246 193 152 148 114 101 37 23 199 196 187 170 168 151 84 27 219 184 180 165 93 57 26 164 142 129 115 109 50 30 212 92 68 47 24 15 200 185 178 156 124 105 65 60 240 133 120 97 80 79 42 244 243 233 157 144 123 118 113 89 77 72 45 228 214 194 66 39 234 181 143 122 76 53 250 230 226 175 104 99 70 62 36 25 238 236 203 198 188 126 117 111 110 6 201 167 140 78 33 19 10 237 231 222 221 220 216 197 192 183 174 158 131 100 51 14 249 189 179 173 155 139 132 74 229 227 186 171 128 127 112 103 75 69 67 52 49 32 206 190 176 154 149 125 119 95 94 91 90 83 63 46 44 43 40 31 29 22 20 18 17 16 11 7 5 4 3 2 1,246,0.3077061176300049
250,0.95,202 213 150 131 108 96 225 176 193 121 98 85 218 186 64 54 208 182 163 153 109 57 189 166 97 66 43 240 236 215 137 55 50 39 10 232 187 165 119 40 28 27 26 245 242 205 201 161 143 58 9 8 207 206 191 162 157 87 72 61 12 247 212 194 177 175 135 86 65 241 209 197 195 147 88 56 37 34 235 231 221 220 198 179 155 112 100 93 71 70 239 234 222 199 188 168 156 152 142 102 80 53 38 33 15 250 228 171 160 77 76 74 52 48 246 227 200 183 158 149 138 105 99 81 69 25 23 19 219 184 140 132 129 124 123 118 114 111 110 95 78 60 51 30 14 248 244 211 203 190 185 181 178 169 154 148 126 117 113 68 67 62 35 21 238 229 224 217 196 174 167 164 151 133 128 116 104 89 75 47 45 42 237 233 230 216 214 180 145 141 139 115 91 84 73 249 243 226 223 210 204 192 173 172 170 159 146 144 136 134 130 127 125 122 120 107 106 103 101 94 92 90 83 82 79 63 59 49 46 44 41 36 32 31 29 24 22 20 18 17 16 13 11 7 6 5 4 3 2 1,247,0.27049779891967773
500,0.1,166 78 55 211 461 205 80 24 390 26 485 395 280 364 357 194 345 445 67 332 320 272 255 228 468 354 267 204 100 471 412 239 479 249 475 8 311 299 22 2 470 464 312 410 378 57 241 104 238 229 221 210 117 449 413 201 37 474 440 197 407 434 179 262 453 122 486 469 500 213 346 439 146 356 438 323 63 60 491 336 282 252 305 148 39 215 333 295 343 243 459 418 139 362 406 79 441 490 462 452 269 484 331 302 61 253 202 119 286 260 293 488 216 447 289 285 186 442 373 493 17 425 271 279 131 455 310 303 248 111 152 483 263 81 208 30 353 322 314 309 281 207 151 225 294 54 273 478 206 465 433 394 120 223 107 83 421 401 212 494 398 127 372 157 411 375 497 408 335 277 138 242 177 218 155 222 65 180 77 467 72 482 419 240 11 498 383 321 85 417 288 162 420 142 51 118 250 189 137 52 499 244 404 149 496 477 344 476 466 296 429 360 291 265 140 64 50 352 366 220 145 87 109 70 176 5 380 451 365 397 264 105 35 427 128 437 150 371 112 432 391 82 214 164 381 446 339 209 6 170 424 382 374 159 94 416 173 99 34 436 198 399 203 259 163 110 103 423 338 48 348 114 29 351 143 319 38 32 393 298 414 361 256 237 66 422 258 251 167 153 92 106 385 133 108 56 431 327 370 324 450 27 402 95 283 187 492 276 88 10 392 369 33 317 341 306 134 270 227 165 135 14 480 141 219 290 454 300 74 93 472 387 367 396 308 261 185 161 334 175 400 160 76 58 172 168 473 329 232 183 154 53 47 489 147 444 403 97 195 460 301 234 376 113 481 126 231 326 136 297 358 230 184 86 158 13 21 245 495 224 19 68 101 191 41 226 415 217 116 15 59 20 44 428 350 363 313 456 389 340 284 426 115 275 443 4 347 315 266 246 45 200 174 73 458 463 435 23 49 405 368 359 325 448 169 409 316 129 268 192 130 171 123 12 121 42 18 379 124 89 337 318 181 43 342 98 430 355 36 182 307 257 75 196 90 125 84 91 330 274 178 144 193 69 487 457 328 247 384 188 386 102 377 31 233 236 235 349 71 28 16 278 388 304 156 199 7 132 96 292 62 25 287 254 190 9 40 46 3 1,442,1.854794979095459
500,0.25,412 445 331 259 205 461 67 228 80 78 475 354 129 333 364 320 123 140 306 85 375 332 453 303 131 479 249 248 227 186 179 148 434 213 407 71 430 373 241 202 24 207 57 92 88 39 463 483 454 56 25 194 181 122 109 81 323 462 124 79 500 76 406 216 474 2 255 61 17 486 420 272 482 40 335 299 411 208 137 437 464 158 139 294 440 183 19 54 274 493 488 8 439 402 417 339 344 498 435 46 141 410 382 390 103 385 105 395 404 166 313 104 138 97 12 350 150 369 357 191 346 238 319 168 431 201 378 108 470 163 229 9 352 490 86 30 405 447 152 383 217 370 221 265 328 305 231 289 149 147 44 421 419 326 35 180 291 234 215 4 172 279 495 277 356 476 477 211 336 22 441 472 162 371 478 368 106 250 113 376 318 316 242 119 269 197 492 235 358 491 372 444 232 459 387 203 34 10 280 433 286 438 485 174 206 177 116 487 353 497 96 480 484 325 252 118 381 351 72 457 224 465 288 271 244 268 156 494 47 20 394 414 256 121 83 42 436 422 66 60 240 125 237 273 115 314 322 62 398 210 130 75 63 347 345 50 449 448 399 362 295 401 26 311 282 100 82 53 11 262 173 426 397 264 209 159 366 499 127 117 48 29 432 251 198 308 37 392 214 301 253 111 360 55 460 281 107 51 65 151 6 466 212 343 155 93 49 468 456 302 77 293 74 442 471 324 278 28 315 261 15 473 110 267 458 254 5 443 236 396 365 204 112 126 455 310 176 285 309 266 218 400 189 276 101 87 245 128 296 246 292 21 169 192 165 408 428 409 403 146 429 145 95 425 384 349 340 297 348 374 187 263 16 330 481 329 275 386 467 260 424 45 161 451 496 239 222 199 283 142 257 247 219 120 70 450 143 153 338 361 23 423 363 178 167 452 300 388 188 287 469 38 327 243 164 94 380 415 258 200 427 102 98 223 413 389 193 377 31 304 391 196 195 18 7 73 489 355 284 32 135 270 233 27 220 170 337 84 184 13 446 298 190 132 182 359 134 393 144 89 52 59 225 334 367 175 58 290 171 379 341 43 317 91 154 321 133 136 33 416 36 312 226 342 160 114 99 64 307 185 41 230 90 157 418 69 68 14 3 1,476,2.1572420597076416
500,0.3,80 227 445 412 133 331 461 181 303 272 67 148 333 228 462 364 241 140 205 131 243 474 194 375 85 57 25 479 475 249 354 76 213 434 453 78 2 141 56 356 88 306 81 8 323 482 39 373 109 407 216 124 202 346 500 211 179 320 454 100 46 11 207 113 486 204 255 24 12 138 344 470 224 468 452 61 191 385 17 378 166 79 477 23 108 208 54 44 248 10 493 400 376 269 172 197 142 5 476 362 198 152 105 383 358 252 294 96 498 463 42 488 19 410 299 210 464 447 397 286 240 483 169 118 406 28 285 263 422 336 103 66 431 326 97 491 40 421 168 107 350 437 495 137 311 260 457 150 26 292 291 180 132 380 264 217 318 424 84 72 430 499 451 37 64 16 402 71 366 339 99 229 404 83 371 293 265 60 155 374 271 212 174 449 143 122 414 367 51 393 398 34 473 282 48 173 209 395 126 104 319 390 342 458 361 487 370 401 369 441 183 13 149 101 261 490 278 82 365 327 151 119 258 215 313 268 87 251 62 275 295 63 139 438 262 206 308 70 399 106 4 450 419 110 92 279 175 35 426 127 316 38 492 478 420 324 368 314 469 409 305 232 322 237 340 290 416 351 277 253 130 129 95 134 276 246 29 415 432 36 182 440 436 357 353 337 93 77 456 386 435 349 30 270 425 235 296 466 444 427 158 22 417 238 394 190 170 429 307 121 120 465 273 146 343 111 52 250 455 388 220 233 154 405 47 301 460 384 187 329 330 274 188 167 49 497 165 403 244 236 396 218 192 74 335 223 472 300 116 439 245 164 392 309 411 363 284 20 256 184 389 372 332 423 94 391 15 443 153 413 283 348 257 242 115 345 338 247 481 219 281 234 33 496 177 41 352 484 50 485 201 347 125 408 230 267 325 259 186 147 159 433 382 21 128 428 328 289 287 442 239 226 161 114 98 341 32 387 112 195 298 156 45 196 43 171 317 145 91 55 480 321 73 58 315 178 231 89 304 27 185 297 489 448 355 193 123 221 65 377 494 162 163 312 214 31 199 90 359 189 266 160 86 222 203 6 379 18 467 225 334 59 446 288 280 135 360 310 254 176 471 144 75 381 302 117 53 136 9 7 200 102 459 157 418 69 68 14 3 1,482,2.19390606880188
500,0.4,181 255 148 194 445 57 131 205 204 462 40 303 373 434 227 356 213 2 85 241 272 144 80 323 475 71 353 306 486 309 259 228 364 202 412 318 299 277 186 179 454 78 211 392 123 98 44 224 375 70 376 133 474 216 407 266 191 76 210 311 468 354 139 104 453 122 452 400 346 141 390 286 269 26 60 155 500 249 339 229 238 160 482 432 439 109 156 190 243 8 361 491 483 55 336 387 263 385 114 333 163 208 108 282 64 473 465 146 170 84 67 14 28 61 470 378 429 234 421 288 461 326 447 237 35 381 270 481 332 431 256 478 417 414 344 437 419 367 405 195 443 383 427 200 285 260 362 335 287 162 152 147 435 317 289 23 115 440 422 97 370 83 472 433 273 322 128 304 24 149 107 132 168 86 10 93 493 418 310 81 189 96 77 42 25 397 464 37 47 313 374 350 316 99 153 143 404 291 180 394 140 126 258 19 276 165 480 411 351 320 218 298 264 221 159 117 471 391 184 389 388 56 188 469 292 203 420 102 6 251 449 187 113 467 301 245 337 360 222 209 111 9 402 393 345 167 490 79 302 137 87 183 459 359 199 101 442 331 166 58 349 328 105 239 308 305 118 66 201 358 448 197 130 409 82 436 125 112 307 379 198 182 371 173 415 278 43 395 242 257 171 135 355 312 455 441 124 22 212 366 476 377 271 214 185 380 150 49 497 342 253 235 406 169 158 157 100 68 48 444 348 127 451 248 399 477 324 296 293 446 428 230 94 192 21 413 50 295 262 450 250 246 36 384 16 357 343 334 236 75 403 254 217 136 365 274 352 177 279 13 41 15 372 59 280 430 90 219 386 32 223 456 52 396 466 368 134 319 315 129 89 341 196 151 193 499 178 425 321 176 363 232 290 95 31 489 240 18 416 7 314 74 423 340 267 281 161 73 106 29 496 30 369 300 164 463 206 175 225 65 92 408 382 325 69 294 494 487 261 252 492 327 119 426 244 63 33 460 91 145 17 154 4 110 103 498 220 488 410 265 51 495 458 284 297 46 174 116 347 268 38 485 54 142 34 398 88 329 233 484 39 479 5 231 215 62 438 27 72 330 207 20 45 275 247 172 226 457 401 283 424 338 121 120 138 53 12 11 3 1,487,2.512701988220215
500,0.5,255 229 303 211 454 386 227 148 259 213 204 486 392 224 468 17 163 180 318 210 205 181 84 412 353 323 76 186 194 131 32 299 85 332 475 306 445 238 421 57 8 491 202 2 443 309 241 364 88 462 346 140 277 228 146 493 44 361 71 120 311 80 144 119 470 167 272 274 249 26 295 434 322 63 481 407 431 369 35 38 471 354 126 383 380 452 128 381 200 294 270 64 414 385 223 418 339 269 98 373 179 191 123 96 302 103 495 234 109 458 160 483 440 350 37 138 79 344 333 282 60 293 176 281 264 54 410 307 39 235 175 348 219 446 193 420 237 273 130 115 19 335 111 417 122 387 456 437 393 177 377 116 336 30 245 267 242 207 152 12 257 405 266 400 287 117 31 10 262 248 137 46 497 250 174 113 435 467 391 201 448 305 62 218 164 220 390 351 401 170 320 239 47 22 395 161 114 50 345 214 216 150 328 11 439 145 352 196 159 487 329 283 87 13 21 304 94 265 488 313 258 189 104 374 221 42 319 55 396 208 291 197 484 476 34 473 172 337 129 33 426 378 447 102 89 450 260 372 342 314 438 93 203 398 278 112 92 69 40 289 474 326 247 231 464 366 276 199 195 453 280 279 460 382 243 6 334 312 215 296 99 51 466 316 500 423 347 358 321 67 23 409 143 90 244 81 404 14 416 363 496 198 492 169 371 182 124 413 284 226 482 151 147 444 419 430 127 125 154 78 485 100 297 158 479 406 27 106 217 173 108 82 165 95 18 49 494 477 190 461 56 9 253 185 73 441 41 498 480 389 375 331 271 209 457 156 110 61 275 261 428 252 408 178 105 424 402 192 45 489 411 188 222 394 341 139 29 315 436 268 263 388 77 399 256 133 359 91 490 118 449 343 254 155 52 403 292 246 5 324 15 442 427 340 166 451 300 356 240 68 455 397 97 370 478 162 433 367 365 330 66 499 379 384 355 459 327 72 36 171 86 75 357 230 472 232 183 465 288 286 212 48 101 59 376 310 425 70 338 74 368 317 236 469 298 233 422 7 225 153 121 53 463 184 432 141 360 308 134 24 142 135 65 349 301 132 285 28 362 325 16 187 157 251 149 83 20 429 206 58 107 415 290 168 136 43 25 4 3 1,489,2.5817630290985107
500,0.6,475 440 204 255 85 70 14 205 17 259 211 163 412 213 468 181 224 462 37 2 443 262 139 486 454 307 32 303 267 194 131 107 57 210 327 167 241 470 223 197 54 30 318 120 19 474 465 346 188 386 183 88 229 63 491 333 323 375 306 250 116 479 180 234 452 280 146 493 437 98 364 445 376 118 369 162 252 174 392 361 421 128 410 383 228 123 115 12 133 426 377 92 344 61 407 400 373 309 417 71 418 202 191 458 168 150 137 432 256 176 140 481 189 299 186 294 8 316 382 106 227 270 266 245 198 6 431 372 314 238 126 112 44 335 111 104 401 222 490 151 456 214 26 497 274 450 147 129 451 429 257 398 354 434 295 62 119 478 322 235 471 311 272 196 277 24 195 405 141 113 253 179 36 35 477 149 251 177 40 152 374 324 258 496 273 80 208 184 358 94 488 360 130 55 21 102 11 69 313 414 312 310 483 337 289 237 219 153 447 336 331 286 243 282 193 67 142 78 293 99 290 233 439 387 207 269 467 175 485 247 199 87 60 31 359 64 109 345 320 100 46 275 182 160 283 166 161 435 260 58 464 461 349 308 158 121 427 388 300 370 317 240 76 494 325 469 56 367 380 117 379 291 90 217 319 287 419 298 203 433 42 415 341 441 371 301 201 482 127 48 489 416 362 173 453 402 393 278 190 170 114 285 23 13 438 378 430 296 18 348 329 95 22 292 164 125 423 409 343 230 66 428 395 171 389 59 368 216 39 334 408 315 231 169 132 47 165 122 480 363 157 134 365 284 246 73 422 411 155 38 10 276 178 476 436 484 381 268 65 15 487 473 242 82 51 124 420 353 20 460 265 103 459 264 384 97 79 53 446 138 448 350 495 347 328 304 500 413 29 279 236 218 342 326 110 394 425 232 399 221 33 74 34 466 225 50 492 472 403 351 455 305 192 424 261 254 239 206 187 145 86 281 5 404 397 366 463 355 338 248 215 105 91 226 84 143 135 52 391 357 77 499 442 339 321 390 244 101 385 449 356 185 396 340 81 49 172 288 263 159 498 352 220 212 75 444 302 297 209 200 156 83 72 28 457 96 7 406 144 332 16 330 271 93 45 249 136 108 43 154 148 89 68 41 27 25 9 4 3 1,493,2.819249153137207
500,0.75,223 307 85 25 204 303 181 107 475 255 202 454 71 176 373 369 229 465 84 440 437 400 318 170 30 479 191 148 262 120 211 6 486 396 224 376 167 491 40 470 227 144 205 112 109 452 208 90 263 131 42 250 32 463 241 194 186 472 418 410 139 377 354 143 128 70 193 79 44 435 383 339 12 349 344 183 123 77 63 294 213 462 242 192 126 43 93 471 37 26 450 333 415 392 378 358 304 249 174 441 409 207 38 23 458 251 122 22 72 361 138 352 273 228 86 54 417 343 177 379 320 236 200 455 99 35 447 443 387 257 197 402 362 163 155 495 432 222 57 481 327 274 106 476 342 335 332 19 271 24 438 372 129 66 466 375 247 61 334 286 384 360 282 258 67 14 245 118 473 414 256 326 337 328 147 47 356 111 408 385 178 141 448 404 39 419 368 175 493 355 237 94 477 364 319 291 169 411 348 317 299 324 316 158 133 306 234 87 485 480 225 426 388 284 235 173 445 436 162 97 461 433 171 345 329 221 50 281 127 60 430 413 313 182 393 381 279 474 100 69 8 403 278 190 166 439 259 499 367 210 185 449 370 115 101 288 201 365 199 160 82 431 425 261 401 341 308 394 298 238 453 442 391 280 195 105 10 314 311 407 15 444 302 198 49 406 134 96 488 457 292 103 478 347 253 51 464 287 76 269 114 104 212 121 92 500 497 363 217 301 56 498 460 305 5 446 405 353 310 55 427 323 232 135 75 297 220 216 29 16 390 492 300 289 188 159 136 20 371 482 293 108 65 36 456 398 380 382 312 296 276 130 366 156 125 266 124 78 58 290 231 116 34 494 59 321 219 119 95 83 490 153 45 487 434 268 467 422 275 270 240 73 416 357 243 110 62 336 322 252 215 340 254 21 277 184 168 165 397 149 64 484 351 239 172 152 81 359 315 196 145 451 399 331 423 421 420 330 187 386 267 265 18 295 244 189 180 325 272 179 132 459 285 154 117 68 429 164 89 27 412 283 264 206 102 428 468 389 374 350 346 203 157 338 309 233 150 98 218 214 469 260 248 226 161 146 88 80 496 140 113 489 483 137 52 33 395 91 74 53 48 28 424 246 230 209 151 142 46 41 31 17 13 11 9 7 4 3 2 1,495,2.8245649337768555
500,0.8,25 131 85 204 181 440 223 303 71 107 176 26 318 92 227 381 241 202 396 307 30 447 229 84 69 6 465 361 271 216 194 99 410 144 57 470 66 19 392 324 316 273 197 298 72 312 186 174 42 482 242 205 424 262 113 346 304 138 109 379 228 38 32 294 342 93 44 477 463 443 438 255 237 37 191 475 448 419 401 247 47 376 368 485 354 288 207 489 418 383 309 274 123 471 434 195 462 332 306 213 433 339 235 491 413 338 130 234 94 452 269 184 493 472 358 356 311 450 289 275 257 137 431 258 218 119 86 378 22 404 364 122 455 432 429 163 407 192 170 127 126 387 372 180 500 488 458 349 335 115 377 328 178 236 106 105 87 439 347 281 198 60 23 414 173 366 360 249 182 388 384 250 409 256 169 121 403 355 343 175 101 98 146 473 461 449 246 185 112 29 441 225 183 150 149 329 284 208 145 128 279 221 210 162 100 474 134 24 317 148 133 61 43 480 187 177 167 135 56 310 251 240 104 20 12 446 97 483 428 351 344 51 417 369 280 118 495 453 337 171 89 305 206 492 391 341 295 147 143 70 261 141 481 456 442 416 352 158 120 111 78 77 373 334 88 79 322 302 50 486 464 222 54 40 468 380 321 124 75 490 406 159 165 108 426 345 245 67 35 445 402 353 320 224 125 90 76 58 385 21 370 301 212 199 166 68 363 287 217 499 425 411 386 476 444 382 327 313 291 244 211 430 263 214 157 478 39 8 350 299 278 200 427 203 155 117 497 459 293 270 220 498 398 314 266 201 188 49 36 16 325 132 405 323 259 189 333 292 10 412 371 226 116 59 5 457 451 103 62 18 454 422 365 215 160 479 423 238 172 110 494 397 164 153 82 73 395 375 296 276 243 231 136 95 297 233 27 357 326 232 190 65 367 362 286 196 487 252 437 435 336 290 55 415 390 340 300 268 267 15 496 319 282 219 152 14 253 161 129 102 466 315 277 460 408 374 285 265 80 484 420 394 348 154 114 81 34 469 400 399 272 63 467 393 248 53 359 330 254 209 179 168 156 45 421 331 308 283 230 193 83 74 436 264 139 91 64 28 389 260 239 151 142 140 96 52 48 46 41 33 31 17 13 11 9 7 4 3 2 1,495,2.3887276649475098
500,0.9,37 204 184 71 274 361 131 440 286 85 167 392 358 227 80 6 449 343 181 176 30 472 424 373 194 479 437 241 193 468 396 344 316 223 434 404 273 219 135 471 312 195 99 61 485 470 465 409 170 410 406 367 334 320 284 247 235 232 307 236 210 143 491 489 218 205 32 483 303 90 445 200 174 150 493 487 401 377 369 313 257 202 128 119 101 441 420 419 379 213 12 463 438 352 298 177 151 121 458 448 443 418 299 207 197 67 60 408 383 353 329 249 94 87 258 224 183 132 122 18 5 456 259 196 165 86 62 38 474 455 350 124 473 433 423 402 354 220 214 155 105 372 356 338 294 293 185 147 145 19 146 138 130 499 481 330 275 192 187 163 24 400 246 168 57 430 341 336 263 245 234 175 429 414 357 332 229 226 222 159 116 112 98 412 411 269 77 384 327 281 228 160 144 120 78 36 35 405 318 208 198 111 65 54 464 454 359 355 335 199 191 169 49 351 346 211 188 127 462 381 278 252 149 134 76 486 452 387 309 268 238 70 475 459 349 311 290 270 255 251 233 225 171 431 427 380 328 296 291 261 180 142 141 97 388 266 231 190 117 107 89 40 495 416 308 173 133 100 496 457 382 282 166 92 88 52 41 497 395 322 264 217 109 95 59 478 386 321 215 179 178 125 110 81 482 476 442 378 162 139 73 39 446 413 339 319 302 301 279 248 243 203 189 172 461 450 407 391 317 304 292 285 58 394 333 250 158 50 45 10 500 492 444 389 370 156 22 494 466 439 415 403 390 342 287 267 201 148 96 484 453 451 324 315 305 262 221 186 126 106 66 385 374 347 108 104 435 432 426 366 152 103 43 477 469 467 460 421 371 310 300 256 242 93 56 55 447 362 348 325 314 244 237 212 161 75 436 399 376 345 276 260 230 137 136 14 498 480 397 375 323 289 272 182 157 118 72 425 398 368 326 288 283 64 28 27 428 337 280 277 240 216 129 114 82 68 47 21 490 393 365 295 253 239 84 79 69 42 26 488 422 417 363 340 331 254 164 140 123 102 91 46 25 364 360 306 297 271 265 209 206 154 153 115 113 83 74 63 53 51 48 44 34 33 31 29 23 20 17 16 15 13 11 9 8 7 4 3 2 1,496,2.436215877532959
500,0.95,274 184 247 241 119 361 145 487 443 99 440 404 356 491 489 471 199 194 37 474 424 392 358 437 400 379 373 327 227 135 130 5 318 77 493 465 446 433 406 401 377 330 307 218 157 84 499 445 346 342 260 252 170 90 62 19 428 366 107 86 71 488 456 369 352 295 278 264 216 204 189 45 497 396 344 286 193 124 66 36 455 350 309 275 229 181 151 143 101 70 494 449 423 389 332 316 282 225 174 114 93 59 457 413 398 394 277 263 253 223 175 173 80 496 476 451 438 434 383 298 294 284 228 211 185 155 138 61 26 479 463 462 409 405 355 328 303 273 87 67 418 390 368 367 324 313 257 159 27 498 384 359 351 312 296 288 285 270 268 183 167 134 417 386 372 334 249 188 186 127 122 94 60 500 478 458 329 317 207 105 92 39 411 408 391 376 343 320 311 300 246 196 178 144 121 97 35 472 450 337 251 220 166 65 14 473 466 454 448 441 382 353 349 290 232 190 172 120 85 73 56 453 435 414 363 321 281 244 243 221 213 179 88 22 490 452 439 419 412 403 364 340 339 310 299 289 234 233 224 205 203 162 102 98 79 58 24 469 464 444 407 402 399 385 291 272 255 242 215 214 192 43 492 482 460 447 421 393 323 292 250 245 187 171 152 111 109 81 72 480 442 415 380 378 347 258 219 217 182 131 128 9 436 432 431 387 381 354 308 276 261 248 212 137 125 89 75 50 10 477 470 429 388 374 362 338 305 267 266 202 180 169 148 126 106 52 48 495 430 427 420 345 331 280 271 237 236 164 156 117 100 83 483 425 410 397 395 370 341 293 283 262 226 200 165 160 149 141 118 110 49 44 486 422 416 375 287 279 269 240 239 231 230 222 206 176 123 104 103 95 40 28 12 461 371 365 360 357 315 314 197 161 158 139 133 132 113 78 54 47 38 31 485 481 426 348 335 333 326 325 306 302 301 297 256 238 209 208 195 168 142 116 96 82 76 69 64 15 484 475 468 467 459 336 322 319 304 265 259 254 235 210 201 198 191 177 163 154 153 150 147 146 140 136 129 115 112 108 91 74 68 63 57 55 53 51 46 42 41 34 33 32 30 29 25 23 21 20 18 17 16 13 11 8 7 6 4 3 2 1,497,2.3988051414489746
1000,0.1,822 535 410 38 952 701 439 297 27 506 301 12 356 319 96 625 333 235 986 868 826 947 173 784 749 687 496 484 391 372 242 815 172 996 849 630 477 438 262 847 823 502 397 611 521 263 509 459 810 596 463 350 93 225 730 461 116 601 949 253 804 37 252 961 452 661 231 195 964 916 787 678 141 871 87 82 820 729 883 640 136 353 196 619 296 423 384 371 792 747 186 159 666 615 247 148 978 437 604 404 969 375 564 993 442 614 505 557 41 218 4 768 251 313 867 472 291 426 920 646 731 599 671 447 622 575 827 86 938 494 425 940 30 549 462 966 91 499 409 282 206 211 100 492 843 483 720 555 343 818 156 715 714 142 628 653 445 138 642 937 427 692 824 35 175 120 837 584 776 794 283 145 980 690 626 834 757 890 997 805 656 314 21 977 274 271 915 683 578 308 562 885 770 398 933 570 542 913 733 930 726 394 223 586 73 209 984 884 374 221 882 121 979 806 706 532 110 203 281 31 923 538 725 418 985 55 857 489 850 766 746 682 994 414 704 340 234 99 607 582 655 457 255 304 527 401 376 609 278 266 995 712 588 639 469 788 387 337 460 197 67 775 724 703 312 598 316 960 451 554 355 98 435 992 798 721 205 740 664 192 602 58 501 743 34 592 799 50 524 512 321 168 44 369 232 790 893 513 202 446 75 290 680 210 289 691 577 497 379 286 51 450 285 295 107 737 1000 385 670 117 154 103 88 191 22 862 481 713 956 240 381 919 905 761 736 651 90 402 342 230 13 889 751 877 193 125 744 861 114 830 48 697 552 408 514 147 927 675 791 760 657 973 825 498 157 633 817 652 493 419 244 33 738 362 334 654 684 403 530 840 237 84 406 907 991 688 998 813 881 772 959 676 763 479 36 284 756 81 648 166 518 78 838 171 679 610 559 294 412 32 591 349 900 339 814 758 989 774 613 482 855 517 910 953 606 957 638 526 23 983 80 566 164 310 214 866 199 106 783 561 908 963 942 812 315 144 976 943 898 795 174 874 5 717 568 413 579 440 18 903 836 420 417 752 40 700 49 821 567 486 987 854 612 869 184 765 470 741 550 63 405 382 380 621 351 267 415 146 170 728 85 39 10 52 833 786 456 636 541 326 981 876 658 510 224 852 545 480 999 300 322 60 434 899 605 330 393 926 793 430 317 288 332 287 227 597 571 256 245 846 360 200 694 190 632 158 151 816 246 215 831 975 137 971 76 140 665 835 894 764 24 634 543 139 454 572 331 153 668 165 918 662 516 53 796 789 272 660 519 620 123 347 56 990 695 972 72 819 759 476 686 306 212 118 839 581 131 748 65 912 324 269 219 249 635 589 623 536 373 303 921 911 896 693 669 529 865 546 928 357 388 649 416 222 261 233 216 176 511 422 77 753 378 888 539 275 673 769 348 674 201 936 718 544 204 771 105 734 540 515 143 270 298 948 891 841 932 879 328 45 608 386 126 226 264 119 280 917 534 929 858 945 573 856 407 323 130 587 112 182 708 531 122 754 904 17 574 643 767 565 547 395 15 341 946 181 914 641 448 473 631 859 8 663 556 474 188 389 161 808 967 906 268 9 488 637 229 94 309 61 780 71 702 745 276 74 965 390 364 352 194 455 951 864 162 504 399 466 627 363 924 603 254 243 54 29 870 925 155 832 624 305 800 134 241 43 802 710 97 113 988 95 392 20 762 366 677 595 487 66 302 19 944 424 842 563 644 465 970 962 935 797 329 279 629 681 468 428 89 954 359 901 135 449 238 228 108 689 70 68 939 922 444 742 778 941 872 327 873 553 336 236 292 897 503 909 732 895 64 311 260 7 111 722 807 590 719 485 520 318 432 149 25 974 902 853 711 178 163 777 576 471 83 878 2 421 368 707 875 699 248 551 723 46 617 464 400 475 528 781 467 650 811 458 478 338 803 645 735 647 167 320 968 955 500 593 344 773 133 982 848 880 429 150 128 57 698 727 491 672 433 801 277 396 886 785 179 600 265 436 358 705 345 335 198 47 618 845 659 950 525 383 69 207 508 887 273 293 755 220 829 548 59 716 522 453 6 365 569 104 325 129 299 124 42 696 490 844 109 507 361 189 851 558 495 441 685 92 101 779 828 958 750 594 560 860 377 782 307 667 346 208 185 102 431 177 14 213 934 580 533 443 523 239 180 354 367 79 28 370 132 616 115 250 257 26 809 62 863 709 583 537 259 16 411 217 127 160 892 183 258 152 739 585 187 169 931 11 3 1,945,15.930553197860718
1000,0.25,749 496 38 410 291 883 309 947 822 27 731 446 438 810 402 300 196 85 298 445 513 262 508 892 687 622 502 301 435 646 813 230 834 701 538 103 887 505 401 397 398 877 290 826 193 40 26 815 87 41 688 893 521 611 477 633 989 353 959 591 354 642 730 133 897 791 601 267 781 254 235 952 663 125 599 859 356 297 90 627 743 540 263 598 692 452 237 61 566 244 128 384 96 333 77 875 299 684 451 274 760 391 675 657 150 261 207 202 729 214 820 686 84 368 637 634 895 481 507 337 565 702 408 172 979 837 832 585 569 62 779 286 615 97 69 907 131 957 462 838 718 690 493 48 654 645 194 66 661 588 197 614 557 319 241 965 562 211 940 195 683 604 142 993 306 914 283 86 745 980 256 941 648 221 145 247 768 312 652 879 750 335 483 817 463 868 449 288 735 596 999 326 707 6 205 182 510 461 278 225 647 804 984 971 271 935 43 703 960 835 98 676 554 281 33 788 996 833 403 818 915 592 489 770 571 575 504 405 374 720 171 685 691 660 488 945 347 365 30 372 155 124 231 891 579 369 795 487 423 166 123 787 93 988 58 808 958 827 600 234 671 970 650 515 494 252 878 533 624 120 871 789 738 847 282 830 324 313 129 923 412 763 74 951 950 767 506 831 228 285 863 705 640 495 122 112 430 677 773 127 564 670 229 355 962 852 304 780 385 715 584 118 459 828 823 581 903 541 99 23 388 933 158 594 772 824 295 728 682 560 377 486 471 867 595 371 179 346 310 132 659 83 666 270 34 912 436 273 580 755 532 890 255 468 357 161 771 928 714 148 146 943 417 512 4 697 925 104 872 997 186 500 898 625 307 651 17 658 289 91 953 55 664 10 389 13 665 20 303 46 52 526 900 700 674 620 482 168 240 381 375 699 577 806 411 514 464 362 420 713 734 546 276 105 936 723 54 499 399 492 340 379 552 561 886 443 1000 439 698 662 198 409 921 968 751 574 545 106 25 602 440 559 528 249 418 576 217 349 323 805 825 73 874 296 942 841 582 542 64 218 253 948 801 776 626 742 293 860 100 607 623 578 937 709 498 523 920 583 548 706 433 992 973 964 49 11 169 741 721 672 704 206 931 655 81 586 425 762 896 667 621 342 330 359 534 380 769 239 862 869 164 36 756 609 12 635 220 386 121 444 608 22 71 972 976 243 848 275 400 107 476 474 72 51 613 829 752 995 320 429 639 866 2 744 188 475 227 167 587 45 944 553 885 178 747 351 812 880 497 322 737 177 265 881 67 894 919 725 117 732 649 406 681 163 404 257 643 82 854 183 570 149 47 115 696 748 394 343 272 605 328 424 248 387 764 392 361 76 905 967 316 679 259 990 630 724 855 774 926 757 472 478 242 555 453 32 336 678 114 904 415 811 338 442 134 865 203 480 447 350 144 287 191 210 842 597 53 761 113 641 963 395 754 184 157 21 308 987 917 628 680 573 864 176 419 501 101 856 422 669 814 165 491 396 753 849 390 200 939 317 135 264 208 70 192 969 918 922 888 473 889 516 376 245 930 908 851 708 434 159 783 981 364 536 603 266 251 59 998 994 460 35 986 618 590 759 938 632 352 318 57 916 212 314 977 836 816 201 619 567 589 116 840 758 181 373 544 292 209 465 539 31 983 180 153 305 329 189 56 722 712 616 529 414 321 568 793 861 558 726 29 524 509 88 50 7 311 479 978 89 520 39 913 790 736 490 991 966 844 803 593 511 450 363 187 378 537 407 617 360 95 882 800 796 269 786 845 733 694 215 932 525 109 644 719 547 246 204 563 174 428 778 530 358 345 906 170 224 19 15 819 739 441 518 268 610 110 448 111 92 469 341 383 16 873 279 884 503 315 302 909 549 766 226 457 543 260 456 437 80 223 638 955 765 902 280 173 190 152 899 975 821 777 175 119 901 858 843 470 75 740 466 250 910 775 162 213 160 927 689 137 673 876 956 393 331 42 522 284 258 531 485 413 143 332 484 348 629 717 344 631 519 216 517 850 727 370 982 431 612 807 636 802 219 130 792 716 154 924 426 961 458 695 140 785 102 798 857 185 334 839 432 367 606 294 60 794 551 467 746 339 327 18 5 366 238 797 141 108 946 199 277 784 24 911 572 79 8 668 527 974 232 954 421 809 846 870 693 535 222 382 799 427 126 653 14 710 985 556 325 416 151 78 94 139 656 28 455 853 233 68 929 711 782 65 454 236 63 147 934 136 37 949 550 156 138 44 9 3 1,973,23.228922128677368
1000,0.3,496 38 749 438 27 810 822 301 298 193 826 622 991 384 445 309 701 410 313 300 446 508 887 194 815 952 237 235 85 731 172 947 502 299 183 87 892 979 333 131 834 645 343 690 77 435 397 13 493 196 185 692 132 941 146 479 354 844 128 288 957 813 452 859 726 46 729 507 895 484 244 791 96 601 695 291 154 290 591 98 663 565 398 218 884 743 353 521 893 103 949 473 843 540 490 483 263 159 987 853 486 40 423 141 814 577 792 654 295 750 16 334 702 779 26 442 685 150 569 666 326 837 549 274 151 6 585 207 82 61 958 929 820 781 675 562 201 56 230 650 356 372 225 62 494 166 902 604 459 735 915 464 868 148 31 657 505 229 953 683 646 980 580 477 419 282 247 863 766 254 718 431 962 73 946 688 794 874 355 950 846 828 283 996 195 465 463 707 865 52 633 525 592 231 173 671 158 586 954 763 444 634 145 99 596 869 411 256 648 424 241 371 920 598 443 449 989 647 554 382 436 63 746 875 285 621 388 347 776 450 913 499 270 682 560 655 246 156 619 509 498 273 269 830 432 425 943 391 769 713 762 642 651 481 100 897 304 22 760 668 50 211 188 214 999 408 142 693 614 720 667 311 564 101 261 29 176 582 503 37 808 615 652 971 286 903 277 745 625 842 734 881 319 74 64 280 581 932 105 69 687 968 43 649 202 117 934 501 186 923 204 965 539 802 982 418 236 468 878 699 898 877 456 402 575 847 228 380 20 500 935 375 97 773 838 267 609 793 296 963 506 458 205 940 118 661 223 879 679 352 799 611 630 740 912 275 969 825 911 724 71 910 636 626 206 831 721 660 514 378 303 890 392 921 386 973 901 862 858 849 767 599 558 551 253 997 376 414 112 765 34 238 226 939 662 415 294 221 24 584 543 302 537 733 861 782 753 676 191 163 775 520 170 271 88 684 119 7 566 927 872 123 992 768 535 457 2 395 798 542 165 778 917 451 966 120 873 401 723 700 215 972 983 889 556 350 547 694 440 866 55 803 47 990 331 948 220 91 81 480 938 548 715 891 742 620 168 854 262 147 770 600 800 747 616 321 885 469 337 578 961 945 771 249 928 806 777 561 129 618 461 848 534 437 330 385 328 349 248 345 240 125 526 515 54 659 72 867 396 318 907 323 985 613 728 217 351 199 970 801 856 478 641 192 981 68 788 200 198 320 243 955 959 703 216 57 988 8 403 918 664 908 45 608 348 797 691 369 134 821 222 305 135 975 587 342 114 361 617 66 381 686 681 84 924 978 894 670 167 612 522 394 324 137 563 339 346 327 559 795 942 677 678 19 279 572 420 258 149 417 696 485 284 332 607 12 555 259 174 744 365 360 367 108 28 471 182 665 126 161 764 272 590 974 951 594 308 605 517 716 475 708 111 986 573 430 78 482 25 341 399 904 393 656 462 251 94 362 588 850 629 15 233 179 998 574 579 553 470 421 811 389 851 213 900 783 524 268 976 227 210 441 967 637 33 467 956 208 70 495 841 434 266 387 1000 704 597 732 876 593 293 532 363 544 234 130 807 455 400 755 937 570 383 805 673 329 189 758 390 886 829 59 818 433 780 595 292 287 488 711 379 460 407 75 533 857 787 883 674 265 785 439 643 906 944 536 531 824 727 689 257 359 124 224 583 364 366 65 310 180 748 314 631 190 530 852 497 487 203 23 374 610 373 936 719 880 492 627 697 344 812 307 930 905 60 710 774 93 653 90 916 454 413 297 178 864 632 48 933 412 39 603 754 184 567 786 550 772 759 340 784 756 919 42 14 466 368 899 427 712 197 36 790 325 83 428 761 422 896 219 335 705 538 181 925 757 143 448 162 95 80 931 35 107 984 977 529 153 58 322 909 315 377 49 541 53 796 736 171 752 730 640 804 672 606 832 993 817 405 116 527 870 245 121 106 358 491 922 453 833 994 102 738 426 571 278 11 519 513 306 835 155 67 187 888 789 523 995 152 511 276 250 557 239 669 264 628 122 528 104 447 89 840 86 882 289 706 516 751 644 316 472 809 589 92 836 964 737 639 212 871 638 242 855 489 635 406 169 576 76 709 474 926 139 960 17 404 698 109 714 409 21 827 252 144 336 30 741 136 127 157 133 110 51 819 546 429 602 255 357 623 370 10 725 722 113 115 232 32 317 680 164 823 281 18 552 41 914 845 624 545 512 476 4 568 140 816 177 839 175 518 510 79 860 739 717 160 504 5 658 416 209 338 312 260 138 44 9 3 1,982,22.081678867340088
1000,0.4,496 991 622 172 194 438 569 185 508 445 384 291 810 844 822 726 103 85 459 299 262 513 815 868 785 892 687 517 479 804 77 154 691 401 16 749 549 27 218 731 244 87 309 817 226 196 192 646 899 489 397 502 281 298 826 150 84 650 347 957 884 439 6 986 961 883 237 343 671 768 235 34 820 645 849 798 159 353 274 693 659 585 141 82 714 40 296 443 897 692 869 483 437 830 119 828 893 521 145 449 263 173 979 598 247 20 321 863 690 596 442 29 195 13 399 767 694 225 354 282 63 832 929 697 540 114 419 435 368 627 561 510 463 717 128 837 630 527 683 398 613 319 304 277 99 788 649 256 874 639 539 372 303 33 482 405 278 400 666 833 318 80 46 498 866 312 823 254 781 625 19 949 895 283 782 575 229 914 485 580 188 562 890 601 907 859 62 792 446 386 847 654 813 577 505 806 642 579 801 814 474 843 371 712 705 116 595 410 932 903 779 184 158 950 945 989 64 968 552 333 829 733 266 955 101 838 81 942 633 490 881 753 547 499 879 775 452 340 538 821 558 808 301 458 520 656 148 61 846 824 910 454 776 369 176 928 557 105 766 98 334 996 290 999 461 217 835 861 802 388 355 750 614 582 326 52 494 526 965 720 923 402 22 376 166 902 924 481 543 465 530 503 620 100 571 280 187 747 765 381 696 504 473 947 493 432 455 56 951 865 514 425 149 79 941 701 574 872 151 223 648 763 308 877 586 584 206 943 331 962 617 311 963 912 909 891 993 900 862 825 668 175 913 288 126 762 592 351 246 980 952 787 764 75 652 207 756 570 240 433 142 615 257 190 124 37 4 411 695 213 724 359 26 934 688 65 920 594 248 953 840 628 58 548 180 332 152 607 436 183 377 272 392 221 428 795 279 8 506 294 651 135 682 91 734 450 258 605 572 378 275 634 230 624 285 423 356 203 204 940 30 469 15 477 358 297 978 231 623 638 250 125 621 573 197 441 855 772 818 655 599 447 716 426 657 981 609 735 89 360 171 476 915 606 451 769 966 831 243 741 345 42 267 216 205 147 740 215 350 663 341 286 249 11 323 242 238 901 564 380 269 754 60 736 647 273 885 374 287 202 50 21 431 382 228 181 988 745 969 320 626 834 554 375 867 127 534 752 31 784 653 722 146 725 93 136 17 90 904 675 641 751 954 936 640 603 938 480 143 790 120 515 348 107 59 875 738 871 118 742 2 793 660 777 537 718 604 702 424 422 276 270 632 253 317 870 773 165 917 186 715 289 111 155 528 975 882 737 925 468 686 106 260 556 67 854 306 137 76 850 661 491 444 104 667 600 662 389 997 588 313 591 339 786 559 1000 974 418 220 937 842 699 102 316 292 597 500 161 92 45 704 930 616 434 770 525 926 713 681 328 679 542 352 524 94 889 167 896 791 568 472 906 95 958 803 464 174 421 396 939 284 811 390 314 471 379 83 935 629 992 635 364 758 362 732 179 778 672 36 919 440 611 522 467 462 827 430 887 429 53 602 134 357 55 858 664 346 857 453 998 994 673 71 878 708 488 460 448 771 153 894 140 295 886 43 163 10 805 948 48 789 761 678 495 122 531 578 365 707 408 566 475 241 757 551 129 972 367 933 689 403 393 819 555 293 492 960 261 618 7 581 38 97 567 918 383 47 700 310 214 112 800 199 631 619 182 414 168 856 478 799 457 744 780 983 670 66 927 251 706 373 23 415 971 845 643 544 417 404 864 70 210 541 191 590 995 302 587 553 470 406 337 271 177 233 466 385 200 51 876 512 413 888 344 774 139 985 783 164 113 728 796 680 255 12 841 509 315 676 873 674 759 836 760 198 227 546 532 144 259 322 703 637 211 78 265 28 108 677 665 610 533 327 69 698 130 944 324 73 593 54 987 658 794 497 409 511 589 201 117 363 160 264 178 391 72 407 234 536 208 123 852 723 268 721 157 880 523 330 224 711 110 984 946 14 342 848 325 911 565 416 336 18 387 518 162 57 608 219 131 916 487 39 35 74 307 395 809 977 931 964 908 746 222 232 115 970 853 420 748 209 245 982 898 501 121 976 739 730 394 973 305 170 922 816 719 335 727 612 576 329 709 560 959 743 563 812 32 921 807 193 189 132 851 755 361 583 516 529 507 710 545 860 839 486 905 456 86 370 535 349 956 990 133 729 519 484 88 684 236 550 41 685 669 427 300 109 239 96 797 212 169 644 636 68 252 24 967 412 49 366 156 138 338 44 25 9 5 3 1,987,22.34880518913269
1000,0.5,438 172 622 496 489 103 87 479 810 749 194 892 890 397 822 16 262 401 299 701 277 185 712 226 225 215 112 62 844 195 372 85 663 707 505 565 585 152 156 881 792 683 61 866 979 996 527 884 244 812 804 204 196 445 347 826 726 274 993 473 148 459 569 895 99 961 296 318 326 149 650 33 942 71 301 577 181 282 96 221 159 746 211 788 893 720 322 353 290 883 218 837 281 828 437 17 855 731 642 114 34 987 502 84 808 762 990 386 646 27 562 227 863 197 443 853 13 579 188 574 872 338 144 170 649 902 732 694 483 410 179 359 798 463 495 334 319 491 254 820 40 999 679 391 175 638 439 809 256 977 150 138 128 521 20 766 752 494 436 90 584 988 842 477 633 77 176 655 989 558 973 320 2 693 507 405 748 516 389 493 903 183 588 289 430 750 714 19 909 513 449 309 246 596 331 718 272 146 980 669 147 532 862 614 485 696 66 223 75 388 753 645 698 666 471 424 165 621 82 592 498 962 509 266 528 98 354 879 461 813 728 691 499 745 613 276 217 681 298 408 120 659 231 957 685 278 781 647 940 900 118 823 875 361 69 887 273 260 235 201 46 671 652 154 536 116 897 986 949 834 508 420 907 802 340 515 119 763 259 733 237 632 416 504 279 264 58 178 789 108 64 838 692 771 702 538 312 817 133 847 705 310 814 801 587 253 965 779 775 915 611 207 332 283 805 778 699 465 92 969 111 951 634 948 923 873 830 609 184 203 431 755 166 959 950 561 764 573 55 871 825 292 767 398 984 487 365 43 462 725 468 329 333 715 686 330 454 787 904 598 399 317 687 724 346 186 134 928 697 429 974 864 78 901 59 695 375 784 143 891 599 467 926 858 656 620 543 482 30 670 850 968 742 304 952 267 946 849 688 486 894 743 539 769 651 641 456 350 311 101 300 690 161 674 594 450 54 912 357 501 865 560 169 734 607 32 774 250 627 373 241 540 360 37 934 41 216 26 682 1000 836 316 236 623 503 89 910 249 898 660 339 824 657 441 552 425 914 392 83 761 239 173 570 905 547 523 51 367 759 453 832 899 639 121 107 50 870 966 735 380 171 972 829 740 546 464 351 45 981 394 129 739 21 943 938 637 56 841 619 668 74 920 97 919 603 936 867 512 727 673 255 640 385 378 377 352 123 765 321 294 768 209 615 127 797 583 124 617 553 263 11 971 571 35 667 135 602 554 406 933 387 117 635 73 916 758 581 913 248 157 525 8 514 506 676 754 730 578 38 840 741 451 182 476 105 994 457 280 167 564 475 228 474 57 713 198 675 518 238 122 958 939 852 653 383 882 937 848 452 435 827 104 102 519 839 212 80 139 556 744 356 597 549 358 151 411 18 517 265 125 960 747 177 947 285 785 628 174 344 130 31 95 7 595 644 625 582 136 738 723 869 557 799 776 567 6 314 945 22 896 618 541 447 440 409 736 269 418 680 369 434 323 190 288 648 876 48 857 783 605 243 63 362 162 803 47 131 970 880 978 601 145 757 551 859 700 327 110 14 24 975 704 591 404 202 643 349 925 606 81 706 586 782 575 481 636 275 234 953 432 230 846 126 490 886 548 324 833 794 559 917 535 885 355 566 929 831 219 42 511 721 412 616 252 773 213 530 466 305 363 612 522 374 295 23 458 222 240 889 537 286 155 109 93 12 888 689 426 39 313 861 793 719 534 422 751 325 15 944 851 795 220 816 427 976 529 998 661 906 658 393 137 4 921 911 811 737 545 807 677 703 419 955 345 315 293 922 941 610 76 36 533 428 400 307 199 843 777 760 287 877 856 608 992 403 210 402 303 224 786 164 531 772 433 29 245 995 526 967 630 395 348 158 229 142 381 790 593 497 854 983 924 717 604 67 478 297 631 140 576 382 963 306 153 590 168 629 982 191 160 931 964 918 874 665 626 520 444 414 189 878 180 860 716 337 954 935 815 335 708 200 70 956 845 756 247 10 284 79 580 60 542 469 446 193 480 205 780 927 800 192 678 390 368 341 818 132 470 371 261 500 94 455 654 328 302 257 115 65 684 555 709 600 233 72 28 932 908 791 106 510 308 729 711 662 488 364 985 835 270 113 997 572 550 258 423 710 672 821 544 251 268 770 524 376 819 407 242 208 417 460 421 396 100 563 492 868 379 187 271 796 472 413 722 336 206 163 806 589 568 930 214 86 370 291 415 342 484 442 52 664 448 624 141 88 366 68 991 232 91 49 384 343 53 44 25 9 5 3 1,990,24.24493718147278
1000,0.6,622 489 890 438 635 103 85 172 826 299 866 496 868 495 397 193 650 501 767 613 66 149 40 274 979 493 487 822 611 445 881 792 197 156 152 986 16 420 266 746 100 980 893 809 221 884 185 61 148 451 844 459 804 479 726 192 991 984 681 579 62 569 707 669 484 920 720 424 729 663 504 442 218 440 96 33 752 112 406 798 987 872 853 693 448 278 863 87 964 748 716 657 318 300 638 301 869 527 721 505 437 244 817 581 165 996 309 645 179 262 217 141 196 58 624 256 225 211 128 870 801 132 942 456 812 13 977 895 520 7 940 642 592 959 703 560 71 577 513 491 558 486 570 405 372 330 320 359 195 34 502 312 2 686 652 339 310 215 651 270 995 549 334 539 275 902 873 402 576 929 810 969 797 319 72 410 386 973 322 735 706 666 668 391 477 150 740 382 111 69 788 616 603 789 461 30 646 601 927 625 644 463 188 683 514 904 289 6 46 834 604 535 115 517 450 251 550 732 723 161 737 120 955 353 133 503 329 90 712 691 257 596 304 282 56 377 154 134 114 264 78 793 605 586 839 510 915 129 909 840 223 494 175 859 990 821 265 950 830 98 805 548 602 425 26 946 768 254 521 777 774 688 296 887 762 728 483 724 352 985 246 654 472 42 907 575 714 119 871 412 829 267 795 18 910 747 621 818 685 828 194 898 655 151 20 764 507 242 957 757 395 815 258 522 515 222 718 490 201 378 779 551 206 932 750 948 392 338 48 485 348 958 580 497 15 897 45 19 656 131 14 816 631 594 345 118 423 68 508 500 214 697 745 709 12 710 452 865 286 233 918 399 970 630 77 696 4 905 376 295 60 55 653 598 235 609 583 124 664 147 303 591 914 848 565 498 226 529 316 107 518 346 894 835 22 916 354 526 250 43 260 203 465 543 355 209 178 928 722 640 371 989 183 453 205 974 770 499 695 365 951 861 51 429 687 628 553 988 699 634 280 105 965 885 837 528 92 968 287 162 864 623 667 620 912 778 241 892 227 966 536 79 585 268 202 949 701 595 475 769 574 462 433 917 138 765 690 186 82 184 135 467 556 294 239 525 730 469 447 660 143 116 734 431 31 780 715 976 947 862 283 272 243 91 983 400 176 566 311 938 584 290 617 811 555 480 908 557 474 347 633 953 903 877 708 538 454 59 649 331 28 782 169 694 878 836 759 540 271 771 146 906 401 981 674 702 482 332 962 794 597 573 360 606 519 181 361 971 725 383 766 247 841 441 80 956 23 408 207 94 781 167 754 832 647 210 719 160 113 74 997 755 608 292 44 32 874 506 375 321 930 675 924 704 676 627 554 293 57 524 455 547 926 847 825 814 349 50 47 807 802 760 713 249 534 446 945 901 64 39 288 173 855 541 561 153 739 975 857 228 367 216 324 238 911 933 925 742 827 743 369 364 104 607 632 851 711 532 850 773 344 253 204 751 523 302 443 396 325 307 219 753 599 567 952 680 422 882 394 284 108 75 939 478 155 213 972 849 559 370 931 1000 880 838 314 537 982 692 618 180 886 875 582 415 237 820 468 511 449 409 387 643 189 921 636 457 488 398 170 404 823 578 589 273 123 413 139 824 373 261 102 756 297 941 568 407 356 992 626 542 326 305 248 637 923 860 842 374 552 784 572 563 954 879 159 662 639 785 230 846 208 698 672 86 658 336 619 481 436 269 796 562 89 943 168 775 733 357 856 259 944 833 464 393 388 731 671 163 919 434 673 385 340 38 936 876 36 665 659 471 831 783 76 994 858 117 682 889 379 171 661 460 240 97 67 41 961 390 439 430 49 54 852 224 516 492 229 24 363 84 610 190 81 913 323 145 110 106 786 276 164 142 963 896 845 843 421 140 978 736 384 380 10 444 615 419 358 29 368 335 749 285 998 677 787 509 458 291 612 432 791 306 95 738 263 93 308 255 182 362 629 476 744 727 234 776 717 333 899 614 83 700 470 63 678 8 533 428 158 281 166 888 545 212 705 366 327 21 350 435 343 177 819 670 199 587 960 867 530 403 298 73 937 761 317 758 341 741 813 531 220 137 891 684 808 689 418 593 512 648 231 763 546 99 934 351 200 883 342 130 65 935 315 125 799 236 967 417 245 70 679 198 37 922 252 803 571 772 588 279 600 381 191 35 854 544 414 337 144 473 101 88 427 389 641 416 313 232 328 27 25 993 590 136 277 122 109 411 11 999 806 466 187 900 790 426 121 800 564 174 157 127 126 53 52 17 9 5 3 1,990,23.793963193893433
1000,0.75,890 489 40 85 986 438 194 868 679 767 274 869 204 185 296 141 630 613 817 797 502 663 479 964 726 866 299 353 748 501 813 747 278 266 172 707 980 881 165 103 611 301 192 616 579 247 822 815 495 746 156 55 669 452 176 56 777 98 935 507 843 903 581 405 190 459 181 149 790 710 993 695 910 552 304 712 628 596 584 969 445 159 595 987 442 280 988 942 477 81 949 523 430 272 148 91 962 161 650 197 462 448 218 124 844 716 154 745 357 642 517 120 179 58 703 655 439 270 134 166 883 823 486 71 824 422 286 61 1000 982 321 654 237 884 812 781 146 99 872 78 645 382 277 66 354 895 565 224 708 687 983 826 82 959 911 752 203 801 150 46 779 739 608 7 998 720 686 621 287 188 173 657 18 498 189 64 798 282 256 666 262 15 952 653 420 804 725 536 526 505 440 908 904 760 984 878 873 668 577 576 521 20 397 83 740 729 718 230 43 649 520 450 399 996 62 892 727 683 308 170 989 734 303 863 598 478 762 693 295 246 119 950 634 580 548 114 527 251 926 697 381 463 292 116 96 410 737 672 347 328 248 597 126 865 656 105 614 582 531 499 359 16 905 646 512 487 249 151 111 932 437 168 842 140 108 474 12 973 465 457 86 818 398 329 175 832 731 631 458 26 887 215 809 558 453 451 406 862 665 496 413 921 915 561 162 991 852 834 360 183 933 787 732 698 483 728 253 130 764 754 466 333 263 953 279 226 701 403 859 681 867 756 343 100 60 992 433 346 235 48 951 365 69 967 673 604 853 602 509 31 972 857 101 936 637 232 74 605 281 227 958 995 774 644 415 355 350 830 599 550 721 796 600 388 334 236 963 906 449 371 310 261 421 264 254 788 632 535 217 758 425 316 312 514 500 494 255 955 940 225 205 838 810 795 658 965 660 387 222 510 377 846 506 358 848 717 578 490 344 778 667 234 836 690 132 128 122 468 330 169 990 694 685 57 919 370 42 560 180 54 782 899 807 461 392 864 524 367 914 897 583 129 87 699 411 309 211 875 759 664 652 610 131 829 705 323 715 556 233 38 3 516 485 741 332 68 607 291 184 117 882 240 201 925 917 675 625 294 742 209 138 533 164 549 464 283 202 515 482 385 383 72 847 771 619 424 979 802 585 961 368 320 137 94 339 216 761 743 704 592 95 974 586 568 497 289 470 443 860 530 770 620 522 306 252 174 538 318 59 23 143 978 934 816 563 472 92 45 994 966 841 573 32 651 302 300 909 601 528 207 792 513 268 171 456 19 835 785 241 229 89 946 898 805 691 566 525 210 783 688 532 41 975 886 572 250 35 257 115 113 954 825 293 923 163 854 676 455 402 971 719 435 112 889 791 555 401 70 376 231 195 837 670 379 724 467 366 331 80 858 765 587 574 271 985 341 307 288 244 8 5 948 907 768 730 559 537 135 947 806 518 196 102 840 677 432 913 757 492 471 394 90 997 957 414 158 121 912 409 380 324 258 238 939 849 938 885 879 606 856 460 63 24 10 944 627 937 609 314 73 828 364 200 960 861 738 659 571 794 706 922 821 733 305 77 44 970 269 51 692 562 444 93 554 349 242 696 228 118 981 753 945 893 775 635 896 845 543 511 384 352 773 373 265 219 943 374 27 941 928 820 819 284 52 700 891 152 871 855 808 789 689 542 336 220 208 191 386 199 793 603 534 404 348 25 920 612 930 488 298 39 772 674 590 407 109 750 709 340 326 682 436 325 976 735 177 833 814 147 929 618 567 557 412 362 633 539 391 342 315 104 877 213 626 624 313 851 529 187 155 142 870 784 345 221 153 874 594 722 648 736 647 243 133 47 876 827 811 575 276 259 36 275 850 643 408 570 441 356 123 37 617 508 297 223 977 749 327 145 839 629 547 125 800 684 337 927 803 723 661 540 400 491 428 396 317 475 744 636 593 447 902 831 615 480 351 239 999 589 434 273 212 924 446 335 245 786 662 427 416 182 33 918 714 84 417 106 97 88 75 776 378 369 267 894 755 713 390 311 956 880 260 780 711 541 519 338 107 591 423 30 968 769 418 671 588 503 476 426 372 322 638 481 79 11 900 429 393 136 680 623 375 157 14 639 504 431 214 901 678 29 916 888 702 198 139 110 469 395 361 178 160 127 799 545 290 53 931 751 544 419 363 319 285 622 569 564 167 65 766 763 546 473 144 76 67 553 551 22 641 640 493 484 454 389 206 193 186 50 49 34 28 21 17 13 9 6 4 2 1,992,23.738281965255737
1000,0.8,890 817 40 194 206 679 141 869 438 502 489 185 181 451 85 628 986 204 746 710 266 192 280 159 988 797 501 630 296 935 190 868 813 726 707 496 987 881 247 964 479 442 826 663 993 983 870 535 645 622 98 114 866 505 666 445 767 368 357 274 237 193 716 448 303 804 637 477 459 172 892 96 885 581 526 161 945 119 405 79 822 777 457 176 844 669 248 843 532 439 824 715 654 422 350 908 552 472 962 656 41 883 520 509 440 420 270 752 745 642 267 984 605 272 258 613 432 394 872 631 430 282 792 310 720 657 524 354 338 308 108 958 832 421 309 134 124 940 71 963 862 693 517 498 353 959 408 178 956 218 202 998 925 909 812 148 865 343 256 966 921 493 655 560 523 255 46 938 877 528 321 120 802 329 152 66 381 979 820 750 739 536 467 180 58 789 254 81 582 189 970 851 611 284 815 781 616 286 82 942 911 779 207 1000 773 469 399 91 602 221 949 787 915 884 735 527 269 262 732 548 188 839 665 478 150 7 740 569 297 173 154 149 130 996 287 980 927 973 953 873 685 291 290 289 933 788 653 388 132 708 547 93 72 614 969 906 903 595 577 487 55 597 570 905 878 550 249 151 902 646 424 83 975 728 632 965 910 686 365 863 838 818 718 701 514 734 541 341 20 727 463 837 819 170 15 990 857 846 675 342 103 621 78 670 558 521 465 356 61 43 859 756 650 123 57 836 462 359 76 38 828 690 495 288 810 31 16 867 625 348 95 887 724 705 585 171 42 344 73 823 660 458 14 895 452 165 145 917 801 644 592 253 33 971 830 483 378 339 239 65 27 762 841 671 557 304 513 410 246 184 778 549 450 995 798 609 538 415 295 276 695 508 351 64 825 636 260 169 753 384 371 948 814 618 604 499 235 651 554 301 236 144 936 912 292 244 929 776 333 318 931 723 647 598 179 111 26 578 576 209 848 761 435 950 591 298 273 84 972 754 486 386 311 283 116 638 331 711 674 603 346 315 793 699 380 196 809 764 703 455 989 668 449 3 992 736 704 584 347 238 87 717 573 485 264 741 730 721 612 412 332 923 918 683 387 67 864 733 466 316 729 522 433 404 191 174 899 790 500 888 640 497 52 713 358 252 126 107 782 678 516 474 168 121 320 104 886 758 553 530 377 324 212 90 63 744 383 376 220 35 997 944 831 759 648 229 845 561 551 545 208 542 325 101 829 816 673 464 411 24 700 687 312 29 904 712 664 540 488 991 610 596 233 140 879 807 748 743 261 138 74 697 199 164 919 562 446 195 44 985 920 619 443 775 572 563 861 827 589 515 413 279 203 774 423 80 852 564 484 302 245 166 786 507 436 117 86 241 51 947 875 360 275 113 105 835 512 425 88 684 407 136 109 785 593 503 453 94 974 583 352 222 941 765 696 473 429 369 70 853 747 677 374 232 951 913 694 385 277 54 978 566 300 216 187 714 662 100 772 294 234 858 682 607 568 139 131 882 796 226 8 633 482 924 689 634 587 403 334 306 227 12 771 626 163 932 475 428 125 967 893 856 623 414 392 379 322 854 742 250 115 23 738 659 571 323 259 129 494 366 954 930 658 395 137 928 511 481 215 112 946 898 806 335 243 89 649 608 364 362 217 769 213 916 617 567 314 876 691 627 525 431 330 271 198 158 155 981 590 586 504 349 200 99 840 780 533 110 897 808 373 219 960 594 285 240 676 543 183 10 5 855 599 375 336 30 977 943 880 518 461 214 982 615 418 409 370 891 768 470 454 211 201 955 805 722 534 293 128 68 45 456 398 340 146 620 186 133 22 937 783 537 952 934 849 821 811 755 706 210 901 770 559 556 476 784 447 345 48 926 794 692 680 635 389 32 922 799 688 307 182 135 53 791 588 242 162 961 441 390 326 305 25 575 491 480 337 147 795 731 319 36 994 939 871 702 624 574 957 850 760 643 639 382 719 490 417 401 317 224 160 468 372 968 894 803 600 460 77 60 860 652 444 313 763 529 510 268 257 153 749 328 278 142 59 39 900 800 709 299 842 834 661 641 546 361 92 555 544 426 143 11 751 579 367 106 914 265 263 231 197 874 833 601 506 492 419 175 907 580 427 393 122 999 737 606 539 355 228 177 118 896 847 766 757 437 416 69 672 565 251 167 157 102 47 698 667 519 406 402 62 976 681 629 531 434 396 19 400 397 391 363 327 230 223 127 75 37 889 725 471 281 225 205 156 97 56 50 49 34 28 21 18 17 13 9 6 4 2 1,993,23.7275710105896
1000,0.9,192 890 357 767 983 820 438 194 909 679 489 758 451 280 114 999 979 903 835 817 255 40 38 655 824 577 527 55 953 212 669 657 282 862 631 176 998 964 832 716 605 635 524 296 18 993 987 893 868 532 477 295 881 663 206 193 902 707 650 308 984 798 732 656 562 927 870 645 644 498 442 66 63 750 666 354 911 547 272 221 220 181 990 980 942 487 98 73 973 915 811 792 779 9 851 726 506 405 134 60 791 675 646 34 826 587 576 450 399 813 685 672 513 381 225 203 187 82 940 878 747 731 719 806 710 585 521 343 87 52 991 885 844 787 713 671 603 300 175 841 809 664 622 453 368 146 105 877 712 628 309 152 58 910 766 528 415 20 904 892 642 641 593 375 276 974 518 461 266 81 78 969 843 773 621 479 469 959 933 676 595 439 307 262 191 189 945 724 668 589 526 458 396 219 96 818 715 455 347 258 95 31 860 812 365 227 795 653 542 486 376 254 918 874 846 802 494 392 290 269 248 948 789 744 636 544 117 921 894 845 695 563 420 264 238 966 956 839 764 404 380 218 144 123 76 706 448 391 359 302 287 752 728 597 550 83 888 774 703 588 540 499 493 467 150 925 730 654 545 378 339 237 975 840 762 490 906 859 739 584 548 517 464 268 234 119 86 836 727 705 509 413 249 216 205 130 115 743 682 660 505 111 46 19 474 334 318 946 599 592 586 582 495 445 323 127 80 967 916 447 259 222 196 996 988 952 858 848 837 819 398 184 64 62 994 573 568 557 462 217 108 69 936 857 838 725 638 578 553 549 522 154 101 908 797 788 388 384 306 989 985 970 897 816 523 519 465 978 786 718 708 674 614 558 346 174 121 59 889 701 289 917 855 761 754 501 484 483 452 332 331 256 252 923 854 720 361 341 279 231 138 931 869 804 512 473 351 161 962 929 741 729 541 416 410 312 172 958 949 842 745 616 246 145 113 972 947 856 801 606 604 485 352 270 244 159 924 873 667 387 247 167 94 12 875 853 515 478 406 277 93 54 815 757 753 670 632 338 228 15 756 694 693 263 226 163 882 634 500 449 377 342 208 185 71 965 935 827 746 696 602 401 353 239 995 863 421 340 326 29 23 828 770 686 274 210 173 944 867 735 711 574 551 535 459 310 169 35 772 677 640 624 569 463 443 242 235 232 188 100 26 665 651 156 155 699 692 607 590 560 525 472 444 149 132 887 822 697 583 571 362 211 690 612 564 533 531 510 294 230 91 90 771 311 257 209 109 61 960 939 591 492 466 412 335 182 139 124 14 790 780 740 537 265 180 164 125 44 27 941 503 153 148 7 884 865 649 633 379 327 313 33 912 900 796 600 491 133 50 895 784 777 717 371 358 260 112 997 898 793 765 698 403 350 286 204 104 49 737 598 554 364 243 215 992 920 785 691 566 496 436 395 165 126 79 823 736 723 610 609 552 536 356 316 195 32 954 759 659 397 321 261 171 829 810 803 596 481 329 158 141 137 88 880 721 652 504 369 281 106 896 733 714 572 516 502 325 324 207 170 136 876 866 734 530 460 424 143 951 680 559 425 418 303 292 253 72 932 879 861 700 543 435 201 168 122 56 825 814 684 673 508 471 437 333 322 293 36 982 913 821 570 520 429 386 360 637 627 561 373 330 275 229 129 103 51 45 849 834 833 618 468 409 971 922 883 778 775 648 555 534 529 432 428 423 273 1000 769 704 643 514 426 317 288 202 938 937 850 794 751 687 488 475 349 160 102 976 955 907 748 658 647 431 427 348 140 919 760 617 497 482 476 441 385 315 283 183 930 926 914 722 575 370 142 943 899 891 886 871 830 688 580 511 419 407 394 363 319 301 157 864 831 805 611 601 233 128 116 986 901 852 678 579 344 336 245 37 21 781 623 539 470 372 278 271 190 179 166 57 41 963 950 808 763 755 749 594 383 366 299 872 738 662 565 457 454 414 285 236 162 47 961 742 456 434 433 367 345 97 11 977 782 689 639 629 619 567 393 298 267 223 92 84 799 783 776 681 661 613 328 305 251 199 135 48 968 934 709 626 507 314 250 213 197 981 905 768 581 446 408 304 284 240 118 800 608 538 480 430 422 390 374 355 297 198 147 957 847 807 702 546 400 382 337 320 291 214 200 151 110 74 39 30 928 683 630 625 620 615 556 440 417 411 402 389 241 224 186 178 177 131 120 107 99 89 85 77 75 70 68 67 65 53 43 42 28 25 24 22 17 16 13 10 8 6 5 4 3 2 1,996,24.20565390586853
1000,0.95,192 123 679 605 179 46 703 280 993 979 767 357 791 114 577 935 927 710 451 210 953 870 844 903 890 593 506 448 296 105 966 817 229 187 9 904 809 758 572 200 193 940 869 800 749 621 529 496 284 206 54 926 628 220 194 964 811 798 779 774 731 657 190 185 134 18 974 835 787 498 477 450 994 922 862 826 650 631 247 191 73 66 873 839 371 283 983 909 851 795 559 533 503 492 334 238 117 987 958 936 796 656 655 622 535 532 954 887 841 820 732 666 590 550 422 340 282 269 205 42 27 918 793 743 544 144 85 915 910 829 773 745 708 614 613 612 521 474 467 381 295 211 98 995 729 712 654 585 561 418 392 307 241 55 893 752 522 341 323 319 290 203 118 82 894 819 675 647 587 509 455 415 189 174 742 685 603 584 575 345 246 208 188 128 119 63 39 975 908 878 719 713 625 339 285 150 83 31 999 997 961 881 777 735 573 571 547 527 500 377 258 254 230 223 747 723 632 597 583 524 461 453 447 351 201 969 942 937 925 872 641 438 426 308 277 988 986 838 818 789 649 591 589 540 356 293 248 111 58 902 684 642 627 488 475 443 385 354 333 303 207 84 56 946 825 776 715 688 609 558 536 494 355 329 299 289 267 262 181 127 124 60 897 866 832 730 686 523 454 367 359 315 130 44 980 889 846 748 720 626 599 580 534 505 287 178 108 35 970 968 948 797 766 645 634 565 476 468 395 338 237 30 807 804 768 750 726 718 658 514 431 410 394 350 121 51 924 868 834 738 706 687 576 439 342 263 135 101 955 912 905 843 727 689 663 581 507 375 291 256 218 125 59 23 977 959 941 931 875 836 690 670 598 595 518 485 436 403 353 182 106 88 882 816 801 761 478 421 343 251 103 34 1000 991 947 911 813 759 741 707 578 542 462 401 325 279 197 992 960 949 883 853 842 792 786 771 651 633 624 531 525 469 405 346 298 168 153 146 141 94 965 837 799 699 696 681 664 588 512 480 300 259 231 112 14 951 891 886 780 697 695 620 555 393 372 360 335 236 199 152 116 91 967 772 756 734 700 551 490 487 442 416 368 175 164 952 877 852 805 782 755 667 592 515 502 466 441 420 348 158 62 963 831 692 566 554 545 460 396 379 352 257 244 239 19 984 933 888 854 725 693 652 638 574 516 499 489 483 459 449 444 100 74 973 957 857 823 794 694 680 637 567 543 344 302 270 264 234 195 166 76 21 11 996 929 900 847 757 753 714 440 435 336 92 71 32 26 945 938 856 814 775 740 724 721 643 615 562 511 445 399 332 316 313 275 222 154 97 989 917 895 892 827 778 760 611 365 249 167 47 20 928 901 884 828 790 602 568 552 546 539 508 429 386 242 235 225 159 132 7 981 920 840 821 806 765 754 709 570 560 493 486 390 320 215 202 176 148 138 102 916 867 855 803 751 737 619 616 610 601 374 326 292 126 104 990 906 865 849 763 705 702 648 569 549 491 437 406 361 317 314 281 180 962 880 874 850 716 629 537 513 501 424 409 363 301 149 972 971 923 858 848 833 701 661 640 607 497 370 327 318 233 221 209 163 157 976 930 921 788 728 676 674 662 644 433 419 366 328 311 310 226 145 61 50 985 956 717 678 653 623 530 510 504 484 463 398 387 384 369 272 204 37 978 950 939 859 704 673 556 538 520 427 389 312 305 245 214 136 110 52 998 898 860 815 733 665 608 582 563 548 465 414 388 378 376 324 322 213 160 115 93 90 907 845 802 739 553 517 408 358 304 294 288 266 265 227 212 107 89 944 934 896 864 861 824 785 770 606 596 528 519 434 425 423 400 391 373 331 273 252 95 69 879 769 630 482 430 407 383 380 268 184 161 133 129 36 913 899 876 784 783 764 698 672 660 600 495 464 428 404 397 382 362 347 240 217 170 81 15 919 822 810 722 711 683 671 668 594 481 479 349 321 297 255 250 173 162 140 122 86 79 45 982 932 871 669 618 604 586 541 458 456 432 413 330 271 253 232 219 156 155 151 142 139 137 80 78 57 49 885 863 808 639 635 617 579 557 473 472 471 457 452 417 306 278 276 224 216 196 172 72 67 48 943 914 830 812 781 762 746 744 736 691 682 677 659 646 636 564 526 470 446 412 411 402 364 337 309 286 274 261 260 243 228 198 186 183 177 171 169 165 147 143 131 120 113 109 99 96 87 77 75 70 68 65 64 53 43 41 40 38 33 29 28 25 24 22 17 16 13 12 10 8 6 5 4 3 2 1,997,24.87220788002014
